base,file_off,w,h,fmt,mip0,foot
0,13082624,1024,128,DXT4_5,131072,245760
256,13328384,1024,128,DXT4_5,131072,245760
512,13574144,1024,128,DXT4_5,131072,245760
768,13819904,1024,128,DXT4_5,131072,245760
1024,14065664,256,256,DXT4_5,65536,131072
1280,14196736,128,128,DXT1,8192,32768
1536,14229504,512,512,DXN,262144,393216
2048,14671872,256,256,DXT4_5,65536,131072
2304,14802944,256,256,DXT4_5,65536,131072
2816,14983168,128,128,8,16384,28672
3072,15011840,256,256,DXT4_5,65536,131072
3328,15142912,512,512,DXN,262144,393216
3584,15536128,512,512,DXN,262144,393216
3840,15929344,256,256,DXT4_5,65536,131072
4096,16060416,128,128,8,16384,28672
4352,16089088,512,512,DXN,262144,393216
4608,16482304,256,256,DXT4_5,65536,131072
4864,16613376,256,256,DXT4_5,65536,131072
5120,16744448,256,256,DXT4_5,65536,131072
3425664,32092160,512,512,DXN,262144,393216
5234048,32485376,256,256,DXT5A,32768,65536
5234304,32550912,128,128,DXT4_5,16384,65536
5234560,32616448,256,256,DXT5A,32768,65536
5234816,32681984,256,256,DXT5A,32768,65536
5235072,32747520,256,256,DXT5A,32768,65536
5235328,32813056,128,128,8,16384,28672
5235584,32841728,128,128,8,16384,28672
5235840,32870400,256,256,DXT5A,32768,65536
5236096,32935936,512,512,DXN,262144,393216
5236352,33329152,128,128,8,16384,28672
5236608,33357824,256,256,DXT4_5,65536,131072
5236864,33488896,256,256,DXT4_5,65536,131072
5237120,33619968,512,512,DXN,262144,393216
5237376,34013184,512,512,DXN,262144,393216
5237632,34406400,128,128,DXT1,8192,32768
5237888,34439168,128,128,8,16384,28672
5238144,34467840,128,128,8,16384,28672
5238400,34496512,256,256,DXT4_5,65536,131072
5238656,34627584,512,512,DXN,262144,393216
5238912,35020800,128,128,8,16384,28672
5239168,35049472,256,256,DXT4_5,65536,131072
5239424,35180544,256,256,DXT5A,32768,65536
5239680,35246080,512,512,DXN,262144,393216
5239936,35639296,512,512,DXN,262144,393216
5240192,36032512,256,256,DXT5A,32768,65536
5240448,36098048,256,256,DXT4_5,65536,131072
5240704,36229120,128,128,8,16384,28672
5241216,36290560,256,256,DXT4_5,65536,131072
5241472,36421632,128,128,8,16384,28672
5241728,36450304,512,512,DXN,262144,393216
5241984,36843520,128,128,8,16384,28672
5243264,36872192,256,256,DXT4_5,65536,131072
5243520,37003264,256,256,DXT1,32768,65536
5243776,37068800,256,256,DXT1,32768,65536
5244032,37134336,256,256,DXT1,32768,65536
5244288,37199872,128,128,DXT1,8192,32768
5244544,37232640,128,128,8,16384,28672
5244800,37261312,128,128,8,16384,28672
5245056,37289984,128,128,8,16384,28672
5245312,37318656,256,256,DXT1,32768,65536
5245568,37384192,256,256,DXT1,32768,65536
5245824,37449728,256,256,DXT1,32768,65536
5246080,37515264,256,256,DXT1,32768,65536
5246336,37580800,128,128,8,16384,28672
5246592,37609472,128,128,DXT1,8192,32768
5246848,37642240,64,64,565,8192,16384
5247104,37658624,128,128,8,16384,28672
5247360,37687296,128,128,8,16384,28672
5247616,37715968,256,256,DXT1,32768,65536
5247872,37781504,256,256,DXT4_5,65536,131072
5248128,37912576,256,256,DXT1,32768,65536
5248384,37978112,256,256,DXT4_5,65536,131072
5248640,38109184,128,128,8,16384,28672
5248896,38137856,128,128,8,16384,28672
5249152,38166528,512,512,DXT4_5,262144,393216
5249408,38559744,128,128,8,16384,28672
5249664,38588416,128,128,8,16384,28672
5249920,38617088,64,64,8,4096,12288
5250176,38629376,256,256,DXT1,32768,65536
5250432,38694912,256,256,DXT5A,32768,65536
5250688,38760448,256,256,DXN,65536,131072
5250944,38891520,256,256,DXN,65536,131072
5251200,39022592,256,256,DXN,65536,131072
5251456,39153664,256,256,DXN,65536,131072
5251712,39284736,256,256,DXN,65536,131072
5251968,39415808,512,512,DXT5A,131072,196608
5252224,39612416,256,256,DXN,65536,131072
5252480,39743488,256,256,DXN,65536,131072
5252736,39874560,256,256,DXN,65536,131072
5252992,40005632,256,256,DXN,65536,131072
5253248,40136704,256,256,DXN,65536,131072
5253504,40267776,256,256,DXN,65536,131072
5253760,40398848,256,256,DXN,65536,131072
5254016,40529920,256,256,DXT4_5,65536,131072
5254272,40660992,512,512,DXN,262144,393216
5254528,41054208,256,256,DXT4_5,65536,131072
5254784,41185280,512,512,DXN,262144,393216
5255040,41578496,256,256,DXN,65536,131072
5255296,41709568,256,256,DXT4_5,65536,131072
5255552,41840640,512,512,DXN,262144,393216
5255808,42233856,256,256,DXN,65536,131072
5256064,42364928,256,256,DXN,65536,131072
5256320,42496000,256,256,DXT4_5,65536,131072
5256576,42627072,512,512,DXN,262144,393216
5256832,43020288,256,256,DXT4_5,65536,131072
5257088,43151360,64,64,565,8192,16384
5257344,43167744,512,512,DXN,262144,393216
5257600,43560960,256,256,DXT4_5,65536,131072
5257856,43692032,64,64,8,4096,12288
5258112,43704320,256,256,DXN,65536,131072
5823488,43835392,512,512,DXN,262144,393216
5823744,44228608,256,256,DXN,65536,131072
5945984,44359680,512,512,DXT1,131072,196608
5946240,44556288,256,256,DXN,65536,131072
5946496,44687360,128,128,DXT4_5,16384,65536
5946752,44752896,512,512,DXN,262144,393216
5947008,45146112,512,512,DXT1,131072,196608
5947264,45342720,512,512,DXN,262144,393216
5947520,45735936,512,512,DXN,262144,393216
5947776,46129152,256,256,DXT4_5,65536,131072
5948032,46260224,256,256,DXT5A,32768,65536
5948288,46325760,256,256,DXN,65536,131072
5948544,46456832,512,512,DXN,262144,393216
5948800,46850048,64,64,8,4096,12288
5949056,46862336,512,512,DXT5A,131072,196608
5949312,47058944,512,512,DXN,262144,393216
5949568,47452160,64,64,8,4096,12288
6386560,47464448,512,256,DXT4_5,131072,212992
6386816,47677440,512,256,DXT4_5,131072,212992
6387072,47890432,256,256,DXN,65536,131072
6387328,48021504,512,512,DXT4_5,262144,393216
8814208,48414720,256,512,DXT4_5,131072,212992
8814464,48627712,128,128,DXT1,8192,32768
8814720,48660480,256,512,DXT4_5,131072,212992
8814976,48873472,256,512,DXT4_5,131072,212992
8815488,49283072,256,512,DXT4_5,131072,212992
8815744,49496064,512,512,DXN,262144,393216
8816512,49889280,512,512,DXT4_5,262144,393216
8816768,50282496,512,512,DXT4_5,262144,393216
9923456,50675712,512,512,DXN,262144,393216
9923712,51068928,512,512,DXT4_5,262144,393216
9923968,51462144,512,512,DXN,262144,393216
9924224,1998848,1024,256,DXT4_5,262144,393216
9924480,2392064,1024,256,DXT4_5,262144,393216
9924736,2785280,1024,256,DXT4_5,262144,393216
9924992,3178496,1024,256,DXT4_5,262144,393216
9925248,3571712,1024,256,DXT4_5,262144,393216
9925504,3964928,1024,256,DXT4_5,262144,393216
9925760,4358144,1024,256,DXT4_5,262144,393216
9926016,4751360,1024,256,DXT4_5,262144,393216
9926272,5144576,1024,256,DXT4_5,262144,393216
9926528,5537792,1024,128,DXT4_5,131072,245760
9926784,5783552,1024,128,DXT4_5,131072,245760
9927040,6029312,1024,128,DXT4_5,131072,245760
9927296,6275072,1024,128,DXT4_5,131072,245760
9927552,6520832,1024,128,DXT4_5,131072,245760
9927808,6766592,1024,128,DXT4_5,131072,245760
9928448,7208960,128,64,565,16384,24576
9993344,7282688,1024,128,DXT4_5,131072,245760
9993600,7528448,1024,128,DXT4_5,131072,245760
9993856,7774208,1024,128,DXT4_5,131072,245760
9994112,8019968,1024,128,DXT4_5,131072,245760
9994368,8265728,1024,128,DXT4_5,131072,245760
9994624,8511488,1024,128,DXT4_5,131072,245760
9994880,8757248,1024,128,DXT4_5,131072,245760
9995136,9003008,1024,128,DXT4_5,131072,245760
9995392,9248768,1024,128,DXT4_5,131072,245760
9995648,9494528,1024,128,DXT4_5,131072,245760
9995904,9740288,1024,256,DXT4_5,262144,393216
9996160,10133504,1024,256,DXT4_5,262144,393216
9996416,10526720,1024,256,DXT4_5,262144,393216
9996672,10919936,1024,256,DXT4_5,262144,393216
9997856,11657216,256,256,DXT1,32768,65536
9998080,11722752,256,256,DXN,65536,131072
10014080,11853824,1024,128,DXT4_5,131072,245760
10014336,12099584,1024,128,DXT4_5,131072,245760
10014592,12345344,1024,128,DXT4_5,131072,245760
10014848,12591104,1024,128,DXT4_5,131072,245760
10015104,12836864,1024,128,DXT4_5,131072,245760
10015360,31961088,256,256,DXT5A,32768,65536
10015616,32026624,256,256,DXT5A,32768,65536
10015872,26001408,256,256,DXT1,32768,65536
10016128,26066944,256,256,DXT1,32768,65536
10016384,26132480,64,64,8,4096,12288
10016640,26144768,64,64,8,4096,12288
10016896,26157056,256,256,DXT1,32768,65536
10017152,26222592,64,64,8,4096,12288
10017408,26234880,128,128,8,16384,28672
10017664,26263552,256,256,DXT1,32768,65536
10017920,26329088,256,256,DXT1,32768,65536
10018176,26394624,128,128,8,16384,28672
10018432,26423296,128,128,8,16384,28672
10018688,26451968,128,128,8,16384,28672
10019200,26652672,128,128,8,16384,28672
10216704,26681344,128,128,8,16384,28672
10216960,26710016,64,64,8,4096,12288
10217216,26722304,256,256,DXT1,32768,65536
10217472,26787840,64,64,8,4096,12288
10217728,16875520,128,128,DXT1,8192,32768
10217984,16908288,256,256,DXT4_5,65536,131072
10218240,17039360,256,256,DXT1,32768,65536
10218496,17104896,256,256,DXT1,32768,65536
10218752,17170432,256,256,DXT4_5,65536,131072
10219008,17301504,256,256,DXT1,32768,65536
10219264,17367040,128,128,8,16384,28672
10219520,17395712,512,512,DXN,262144,393216
10219776,17788928,512,512,DXN,262144,393216
10220032,18182144,128,128,8,16384,28672
10220288,18210816,512,512,DXT4_5,262144,393216
10220544,18604032,512,512,DXN,262144,393216
10220800,18997248,128,128,DXT1,8192,32768
10221056,19030016,512,512,DXT1,131072,196608
10221312,19226624,128,32,8,4096,8192
10221568,19234816,512,512,DXN,262144,393216
10221824,19628032,512,512,DXT4_5,262144,393216
10222080,20021248,512,512,DXN,262144,393216
10222336,20414464,512,512,DXN,262144,393216
10222592,20807680,512,512,DXN,262144,393216
10222848,21200896,512,512,DXN,262144,393216
10223104,21594112,128,128,DXT1,8192,32768
10223360,21626880,128,128,DXN,16384,65536
10223616,21692416,256,256,DXN,65536,131072
10223872,21823488,512,512,DXT1,131072,196608
10224128,22020096,256,256,DXT5A,32768,65536
12222848,22085632,256,256,DXT5A,32768,65536
12223104,22151168,256,256,DXT1,32768,65536
12223360,22216704,512,512,DXT1,131072,196608
12223616,22413312,128,128,DXT1,8192,32768
12223872,22446080,256,256,DXN,65536,131072
12224128,22577152,512,512,DXT1,131072,196608
12224384,22773760,256,256,DXN,65536,131072
12224640,22904832,256,256,DXN,65536,131072
12224896,23035904,256,256,DXN,65536,131072
12225152,23166976,256,256,DXN,65536,131072
12225408,23298048,256,256,DXT5A,32768,65536
12225664,23363584,256,256,DXN,65536,131072
12225920,23494656,256,256,DXN,65536,131072
12226176,23625728,256,256,DXN,65536,131072
12226432,23756800,256,256,DXN,65536,131072
12226688,23887872,128,128,DXT1,8192,32768
12226944,23920640,256,256,DXT1,32768,65536
12971648,23986176,128,128,DXT1,8192,32768
12971904,24018944,512,512,DXT1,131072,196608
12972160,24215552,512,512,DXT1,131072,196608
12972416,24412160,512,512,DXT4_5,262144,393216
15433856,24805376,256,256,DXT4_5,65536,131072
15434112,24936448,128,128,DXT1,8192,32768
15601280,24969216,128,128,DXT1,8192,32768
15601536,25001984,512,512,DXN,262144,393216
15601792,25395200,128,32,8,4096,8192
15602048,25403392,512,512,DXT1,131072,196608
15602304,25600000,256,256,DXT1,32768,65536
15602560,25665536,128,128,8,16384,28672
15602816,25694208,64,64,8,4096,12288
15603072,25706496,128,128,8,16384,28672
15603328,25735168,256,256,DXT1,32768,65536
15603584,25800704,256,256,DXT1,32768,65536
15603840,25866240,64,64,8,4096,12288
15604352,25911296,64,64,8,4096,12288
15604608,25923584,256,256,DXT1,32768,65536
15604864,25989120,64,64,8,4096,12288
15605120,28471296,256,256,DXN,65536,131072
15605376,28602368,256,256,DXN,65536,131072
16126208,28733440,256,256,DXT5A,32768,65536
16126464,28798976,64,64,8,4096,12288
16126720,28811264,64,64,8,4096,12288
16247424,28823552,256,256,DXT5A,32768,65536
16247680,28889088,256,256,DXN,65536,131072
16247936,29020160,256,256,DXN,65536,131072
16248192,29151232,256,256,DXN,65536,131072
16248448,29282304,128,128,8,16384,28672
18579968,29310976,256,256,DXN,65536,131072
18580224,29442048,256,256,DXT1,32768,65536
18580480,29507584,256,256,DXN,65536,131072
18580736,29638656,256,256,DXT5A,32768,65536
18580992,29704192,256,256,DXN,65536,131072
18582144,26800128,128,128,8,16384,28672
18582400,26828800,64,64,8,4096,12288
18582656,26841088,64,64,8,4096,12288
18582912,26853376,128,128,DXT1,8192,32768
18583168,26886144,128,128,8_8,32768,49152
18583424,26935296,256,256,DXT1,32768,65536
18583680,27000832,64,64,8,4096,12288
18583936,27013120,64,64,565,8192,16384
18584192,27029504,64,64,565,8192,16384
18606080,27045888,64,64,565,8192,16384
18606592,27160576,512,512,DXN,262144,393216
18607104,27602944,64,64,565,8192,16384
18607360,27619328,512,512,DXN,262144,393216
19414400,28020736,128,128,8,16384,28672
19414656,28049408,64,64,8,4096,12288
19414912,28061696,64,64,565,8192,16384
19415168,28078080,256,256,DXT5A,32768,65536
19415424,28143616,256,256,DXT5A,32768,65536
19415680,28209152,256,256,DXN,65536,131072
19415936,28340224,256,256,DXN,65536,131072
19416192,29990912,256,512,DXT4_5,131072,212992
19416448,30203904,256,256,DXN,65536,131072
19416704,30334976,128,128,DXT1,8192,32768
19416960,30367744,128,64,8,8192,16384
19417216,51855360,512,512,DXT4_5,262144,393216
19417472,52248576,512,512,DXN,262144,393216
19417728,52641792,512,512,DXN,262144,393216
19417984,53035008,512,512,DXN,262144,393216
19418240,53428224,512,512,DXT4_5,262144,393216
19418496,53821440,512,512,DXT4_5,262144,393216
19418752,54214656,512,512,DXT4_5,262144,393216
19419008,54607872,512,512,DXN,262144,393216
19419264,55001088,512,512,DXT4_5,262144,393216
19419520,55394304,512,512,DXT4_5,262144,393216
19419776,55787520,512,512,DXT4_5,262144,393216
19420032,56180736,256,256,DXT1,32768,65536
19420288,56246272,256,256,DXT1,32768,65536
19420544,56311808,256,256,DXT1,32768,65536
19420800,56377344,512,512,DXN,262144,393216
19421056,29835264,256,256,DXN,65536,131072
19421312,29966336,64,64,8,4096,12288
19421568,29978624,64,64,8,4096,12288
19421824,56967168,256,256,DXT1,32768,65536
19422080,57032704,256,256,DXT1,32768,65536
19422336,57098240,256,256,DXT1,32768,65536
19422592,57163776,256,256,DXT1,32768,65536
19422848,30384128,256,256,DXT1,32768,65536
19933824,30449664,64,64,8,4096,12288
19934080,30461952,256,256,DXN,65536,131072
19934336,30593024,256,256,DXT5A,32768,65536
19934592,30658560,128,128,DXT1,8192,32768
19934848,30691328,256,512,DXT4_5,131072,212992
21128960,30904320,512,512,DXT1,131072,196608
21129472,31109120,512,512,DXT5A,131072,196608
21129728,31305728,128,128,DXT1,8192,32768
21129984,31338496,512,512,DXT1,131072,196608
21130240,31535104,512,512,DXN,262144,393216
21370112,31928320,128,128,DXT1,8192,32768
21370528,58015744,512,512,DXT4_5,262144,393216
21370752,58408960,128,128,DXT1,8192,32768
21370976,58441728,128,64,8888,32768,45056
21371200,58486784,64,64,8888,16384,24576
21371424,58511360,256,256,DXT4_5,65536,131072
21371648,58642432,64,64,8888,16384,24576
21371872,58667008,256,256,DXT4_5,65536,65536
21372096,58732544,256,256,DXT4_5,65536,65536
21372320,58798080,256,256,DXT4_5,65536,65536
21372544,58863616,64,64,565,8192,16384
21372768,58880000,64,64,565,8192,16384
21372992,58896384,64,64,8888,16384,24576
21373216,58920960,256,256,DXT4_5,65536,131072
21373440,59052032,128,128,DXT4_5,16384,65536
21373664,59117568,512,512,DXT4_5,262144,393216
21373888,59510784,64,64,8888,16384,24576
21374112,59535360,256,256,DXT4_5,65536,131072
21374336,59666432,256,128,DXT1,16384,40960
21374560,59707392,256,128,DXT1,16384,40960
21374784,59748352,256,128,DXT1,16384,40960
21375008,59789312,256,128,DXT1,16384,40960
21375232,59830272,256,128,DXT1,16384,40960
21375680,60657664,256,256,DXT5A,32768,65536
21375904,60723200,64,64,8_8,8192,8192
21376128,60731392,128,128,DXT1,8192,32768
21376352,60764160,64,64,565,8192,16384
21376576,60780544,128,64,8888,32768,45056
21376800,60825600,256,256,DXT4_5,65536,131072
21377024,60956672,64,64,8,4096,12288
21377248,60968960,64,64,8,4096,12288
21377472,60981248,128,128,8_8,32768,49152
21377696,61030400,64,64,8,4096,12288
21377920,61042688,64,64,8,4096,12288
21378144,61054976,256,256,DXT5A,32768,65536
21378592,61513728,512,128,DXT1,32768,65536
21378816,61579264,128,128,DXT4_5,16384,65536
21379264,61710336,128,128,DXT4_5,16384,65536
21379488,61775872,1024,512,DXT1,262144,368640
21379712,62144512,512,512,DXT1,131072,196608
21379936,62341120,128,128,DXT4_5,16384,65536
21380160,62406656,256,256,DXT1,32768,65536
21380608,62865408,512,512,DXN,262144,393216
21380832,63258624,256,256,DXT4_5,65536,131072
21381056,63389696,64,64,8_8,8192,16384
21381280,63406080,512,256,DXT5A,65536,106496
21381504,63512576,512,256,DXT4_5,131072,212992
21381952,64512000,256,256,DXT4_5,65536,131072
21382176,64643072,512,256,DXT5A,65536,106496
21382400,64749568,256,256,DXT4_5,65536,131072
21382624,64880640,64,64,8_8,8192,16384
21382848,64897024,64,64,8888,16384,24576
21383072,64921600,64,64,8888,16384,24576
21383296,64946176,128,128,DXT4_5,16384,65536
21383520,65011712,64,64,8,4096,12288
21383968,65028096,128,128,8,16384,28672
21384192,65056768,128,128,DXT4_5,16384,65536
21384640,65908736,256,256,DXT4_5,65536,131072
21384864,66039808,512,512,DXT1,131072,196608
21385088,66236416,128,128,8,16384,28672
21385312,66265088,128,32,8888,16384,24576
21385760,66355200,128,128,8,16384,28672
21385984,66383872,64,64,8_8,8192,16384
21386208,66400256,512,256,DXT4_5,131072,212992
21386432,66613248,512,512,DXT4_5,262144,393216
21386752,57622528,512,512,DXN,262144,393216
21387008,56770560,256,256,DXT1,32768,65536
21387264,57229312,512,512,DXN,262144,393216
21387520,56901632,256,256,DXT1,32768,65536
21387776,56836096,256,256,DXT1,32768,65536
21388000,65536,128,128,DXT4_5,16384,16384
21388224,131072,128,128,DXT4_5,16384,16384
21388448,49152,128,128,DXT4_5,16384,16384
21388672,81920,128,128,DXT4_5,16384,16384
21388896,147456,128,128,DXT4_5,16384,16384
21389120,32768,128,128,DXT4_5,16384,16384
21389344,212992,128,128,DXT4_5,16384,16384
21389568,229376,128,128,DXT4_5,16384,16384
21389792,245760,256,256,DXT4_5,65536,65536
21390016,311296,64,64,8,4096,4096
21390240,315392,256,128,DXT5A,16384,16384
21390464,331776,256,128,DXT4_5,32768,32768
21390688,364544,256,256,DXT4_5,65536,65536
21390912,430080,64,64,565,8192,8192
21391136,163840,128,128,DXT4_5,16384,16384
21391360,180224,128,128,DXT4_5,16384,16384
21391584,196608,128,128,DXT4_5,16384,16384
21391808,16384,128,128,DXT4_5,16384,16384
21406032,98304,128,128,DXT4_5,16384,16384
21406256,114688,128,128,DXT4_5,16384,16384
21471776,1126400,256,256,DXT4_5,65536,131072
21472000,1257472,256,256,DXT4_5,65536,131072
21472224,1388544,64,64,8888,16384,16384
21472448,1404928,256,256,DXT4_5,65536,131072
21472672,1536000,512,512,DXT1,131072,131072
21472896,1667072,512,512,DXT1,131072,131072
21473120,1798144,512,512,DXT1,131072,131072
21473792,1961984,32,32,8888,4096,4096
21474016,1966080,32,32,8888,4096,4096
21474240,1970176,32,32,8888,4096,4096
21474464,1974272,32,32,8888,4096,4096
21474688,1978368,32,32,8888,4096,4096
21474912,1982464,32,32,8888,4096,4096
21475136,1986560,32,32,8888,4096,4096
21475360,1990656,32,32,8888,4096,4096
21475584,1994752,32,32,8888,4096,4096
21892816,733184,256,256,DXT4_5,65536,131072
21930000,438272,256,256,DXT4_5,65536,65536
21930224,503808,128,128,8888,65536,65536
21930672,602112,256,256,DXT4_5,65536,131072
22091808,864256,256,256,DXT4_5,65536,131072
22092032,995328,256,256,DXT4_5,65536,131072
22500320,0,128,128,DXT4_5,16384,16384
