crc32,name,archive,local_off,size,exposed,newly
0x063E336B,Director.iff,0A,0x3ACF000,192267,False,True
0x099F9A9D,HighlightCreate.iff,0B,0x3727B800,2095720,True,False
0x692BB8E3,arena_ana.iff,0A,0x5838000,6282554,True,False
0x33F65DAF,arena_atl.iff,0A,0x5E36000,6709691,True,False
0x89BFB539,arena_bos.iff,0A,0x649C800,7473452,True,False
0x83F28C36,arena_buf.iff,0A,0x6BBD800,6142246,True,False
0x28A2F64D,arena_car.iff,0A,0x7199800,6595446,True,False
0xFEA658A0,arena_cbj.iff,0A,0x77E4000,7296667,True,False
0x892B2441,arena_cgy.iff,0A,0x7ED9800,5990322,True,False
0x189D0116,arena_chi.iff,0A,0x8490000,7199269,True,False
0xCD78BEDE,arena_col.iff,0A,0x8B6E000,7357478,True,False
0x32D5E120,arena_dal.iff,0A,0xA291800,6988270,True,False
0xF9D47F75,arena_det.iff,0A,0xA93C000,5595934,True,False
0xF90F5297,arena_edm.iff,0A,0xAE92800,5895823,True,False
0xE1442766,arena_fla.iff,0A,0xB432000,6611594,True,False
0xB31A7357,arena_lak.iff,0A,0xBF7D000,6481627,True,False
0x31DE75FE,arena_min.iff,0A,0xC5AB800,7013933,True,False
0xF45637DB,arena_mtl.iff,0A,0xD1F9000,6052479,True,False
0xCC12056C,arena_njd.iff,0A,0xD7BF000,7143322,True,False
0x2D3BBB3E,arena_nsh.iff,0A,0xDE8F000,6309063,True,False
0xB1C0B1E8,arena_nyi.iff,0A,0xE493800,6013609,True,False
0xA6F0177B,arena_nyr.iff,0A,0xEA50000,7430860,True,False
0x3359FAB1,arena_ott.iff,0A,0xF166800,5394041,True,False
0x4EAB8745,arena_phi.iff,0A,0xF68B800,6416014,True,False
0xC1EB72E5,arena_pho.iff,0A,0xFCAA000,6749491,True,False
0x1D8707D3,arena_pit.iff,0A,0x1031A000,5503210,True,False
0xB1765678,arena_presentation_ana.iff,0A,0x42CD000,170618,True,False
0xEBABB334,arena_presentation_atl.iff,0A,0x42F7000,115486,True,False
0x51E25BA2,arena_presentation_bos.iff,0A,0x4313800,93208,True,False
0x5BAF62AD,arena_presentation_buf.iff,0A,0x432A800,345587,True,False
0xF0FF18D6,arena_presentation_car.iff,0A,0x437F000,373265,True,False
0x26FBB63B,arena_presentation_cbj.iff,0A,0x43DA800,230876,True,False
0x5176CADA,arena_presentation_cgy.iff,0A,0x4413000,98252,True,False
0xC0C0EF8D,arena_presentation_chi.iff,0A,0x442B000,117141,True,False
0x15255045,arena_presentation_col.iff,0A,0x4448000,530037,True,False
0xEA880FBB,arena_presentation_dal.iff,0A,0x452E000,316542,True,False
0x218991EE,arena_presentation_det.iff,0A,0x457B800,335561,True,False
0x2152BC0C,arena_presentation_edm.iff,0A,0x45CD800,139205,True,False
0x3919C9FD,arena_presentation_fla.iff,0A,0x45EF800,93210,True,False
0x3AC58D7A,arena_presentation_generic.iff,0A,0x4606800,136031,True,False
0x6B479DCC,arena_presentation_lak.iff,0A,0x463F000,454362,True,False
0xE9839B65,arena_presentation_min.iff,0A,0x46AE000,243294,True,False
0x2C0BD940,arena_presentation_mtl.iff,0A,0x46EA000,191199,True,False
0x144FEBF7,arena_presentation_njd.iff,0A,0x4719000,155337,True,False
0xF56655A5,arena_presentation_nsh.iff,0A,0x473F000,853507,True,False
0x699D5F73,arena_presentation_nyi.iff,0A,0x480F800,93210,True,False
0x7EADF9E0,arena_presentation_nyr.iff,0A,0x4826800,98894,True,False
0xEB04142A,arena_presentation_ott.iff,0A,0x483F000,109179,True,False
0x96F669DE,arena_presentation_phi.iff,0A,0x485A000,168014,True,False
0x19B69C7E,arena_presentation_pho.iff,0A,0x4883800,297973,True,False
0xC5DAE948,arena_presentation_pit.iff,0A,0x48CC800,82974,True,False
0xC0865D6B,arena_presentation_sjs.iff,0A,0x48E1800,566605,True,False
0x1BEA3ED3,arena_presentation_stl.iff,0A,0x496C800,93225,True,False
0x0BC2E1DB,arena_presentation_tbl.iff,0A,0x4983800,58749,True,False
0x688CDBE6,arena_presentation_tor.iff,0A,0x4992000,169922,True,False
0x6009D13C,arena_presentation_van.iff,0A,0x49BB800,378268,True,False
0x07208CB8,arena_presentation_wsh.iff,0A,0x4A19000,127830,True,False
0x18DBB3F0,arena_sjs.iff,0A,0x10FCA000,7075053,True,False
0xC3B7D048,arena_stl.iff,0A,0x11830800,7150771,True,False
0xD39F0F40,arena_tbl.iff,0A,0x11F02800,6635520,True,False
0xB0D1357D,arena_tor.iff,0A,0x12556800,6797139,True,False
0xB8543FA7,arena_van.iff,0A,0x12BD2000,6810207,True,False
0xDF7D6223,arena_wsh.iff,0A,0x13DAF000,7083410,True,False
0xF3C2C870,awardroom.iff,0B,0x36C8F000,3529924,True,False
0x7C77C224,blocker_g00.iff,0B,0x1A341000,625994,False,True
0xC82E1DE5,blocker_g00_logos_l.iff,0B,0x1A3DA000,21186,False,True
0x17FE3406,blocker_g00_logos_r.iff,0B,0x1A3DF800,21124,False,True
0x4117EB94,blocker_g01.iff,0B,0x1A3E5000,651067,True,False
0x15B8C460,blocker_g01_logos_l.iff,0B,0x1A484000,18601,True,False
0xCA68ED83,blocker_g01_logos_r.iff,0B,0x1A489000,18575,True,False
0x06B79144,blocker_g02.iff,0B,0x1A48E000,645192,True,False
0xA872A8AE,blocker_g02_logos_l.iff,0B,0x1A52C000,21553,True,False
0x77A2814D,blocker_g02_logos_r.iff,0B,0x1A531800,22145,True,False
0x3BD7B8F4,blocker_g03.iff,0B,0x1A537000,658642,True,False
0x75E4712B,blocker_g03_logos_l.iff,0B,0x1A5D8000,21479,True,False
0xAA3458C8,blocker_g03_logos_r.iff,0B,0x1A5DD800,21653,True,False
0x89F764E4,blocker_g04.iff,0B,0x1A5E3000,636268,True,False
0x08977773,blocker_g04_logos_l.iff,0B,0x1A67E800,16437,True,False
0xD7475E90,blocker_g04_logos_r.iff,0B,0x1A683000,16330,True,False
0xB4974D54,blocker_g05.iff,0B,0x1A687000,602639,True,False
0xD501AEF6,blocker_g05_logos_l.iff,0B,0x1A71A800,14139,True,False
0x0AD18715,blocker_g05_logos_r.iff,0B,0x1A71E000,13696,True,False
0xF3373784,blocker_g06.iff,0B,0x1A721800,637187,True,False
0x68CBC238,blocker_g06_logos_l.iff,0B,0x1A7BD800,11364,True,False
0xB71BEBDB,blocker_g06_logos_r.iff,0B,0x1A7C0800,11648,True,False
0xCE571E34,blocker_g07.iff,0B,0x1A7C3800,627378,True,False
0xB55D1BBD,blocker_g07_logos_l.iff,0B,0x1A85D000,25380,True,False
0x6A8D325E,blocker_g07_logos_r.iff,0B,0x1A863800,22376,True,False
0x4C0789E5,blocker_g08.iff,0B,0x1A869000,626575,True,False
0x922DCE88,blocker_g08_logos_l.iff,0B,0x1A902000,21699,True,False
0x4DFDE76B,blocker_g08_logos_r.iff,0B,0x1A907800,20685,True,False
0x7167A055,blocker_g09.iff,0B,0x1A90D000,643406,True,False
0x4FBB170D,blocker_g09_logos_l.iff,0B,0x1A9AA800,24435,True,False
0x906B3EEE,blocker_g09_logos_r.iff,0B,0x1A9B0800,24457,True,False
0xB72B1181,blocker_g10.iff,0B,0x1A9B6800,604031,True,False
0x5521FC93,blocker_g10_logos_l.iff,0B,0x1AA4A000,18804,True,False
0x8AF1D570,blocker_g10_logos_r.iff,0B,0x1AA4F000,17128,True,False
0x8A4B3831,blocker_g11.iff,0B,0x1AA53800,647018,True,False
0x88B72516,blocker_g11_logos_l.iff,0B,0x1AAF1800,19682,True,False
0x57670CF5,blocker_g11_logos_r.iff,0B,0x1AAF6800,15623,True,False
0xCDEB42E1,blocker_g12.iff,0B,0x1AAFA800,612889,True,False
0x357D49D8,blocker_g12_logos_l.iff,0B,0x1AB90800,15144,True,False
0xEAAD603B,blocker_g12_logos_r.iff,0B,0x1AB94800,14686,True,False
0xF08B6B51,blocker_g13.iff,0B,0x1AB98800,618175,False,True
0xE8EB905D,blocker_g13_logos_l.iff,0B,0x1AC2F800,36981,False,True
0x373BB9BE,blocker_g13_logos_r.iff,0B,0x1AC39000,35510,False,True
0x42ABB741,blocker_g14.iff,0B,0x1AC42000,649842,False,True
0x95989605,blocker_g14_logos_l.iff,0B,0x1ACE1000,28545,False,True
0x4A48BFE6,blocker_g14_logos_r.iff,0B,0x1ACE8000,28937,False,True
0x7FCB9EF1,blocker_g15.iff,0B,0x1ACEF800,673199,False,True
0x480E4F80,blocker_g15_logos_l.iff,0B,0x1AD94000,20315,False,True
0x97DE6663,blocker_g15_logos_r.iff,0B,0x1AD99000,20280,False,True
0x386BE421,blocker_g16.iff,0B,0x1AD9E000,612078,False,True
0xF5C4234E,blocker_g16_logos_l.iff,0B,0x1AE33800,20681,False,True
0x2A140AAD,blocker_g16_logos_r.iff,0B,0x1AE39000,19582,False,True
0x050BCD91,blocker_g17.iff,0B,0x1AE3E000,682863,False,True
0x2852FACB,blocker_g17_logos_l.iff,0B,0x1AEE5000,22486,False,True
0xF782D328,blocker_g17_logos_r.iff,0B,0x1AEEA800,22704,False,True
0x3DA35A33,bootup.iff,0A,0x731800,328,False,True
0x01D45EE5,bootup_audio.iff,0A,0xEB5800,719072,False,True
0xAAEA7E4D,bootup_dummy.iff,0A,0x429A000,14762,False,True
0xB85A16EF,catcher_g00.iff,0B,0x1AEF0800,497250,False,True
0x17C93921,catcher_g00_logos_l.iff,0B,0x1AF6A000,33630,False,True
0xC81910C2,catcher_g00_logos_r.iff,0B,0x1AF72800,33371,False,True
0x853A3F5F,catcher_g01.iff,0B,0x1AF7B000,638242,True,False
0xCA5FE0A4,catcher_g01_logos_l.iff,0B,0x1B017000,29473,True,False
0x158FC947,catcher_g01_logos_r.iff,0B,0x1B01E800,22903,True,False
0xC29A458F,catcher_g02.iff,0B,0x1B024800,619296,True,False
0x77958C6A,catcher_g02_logos_l.iff,0B,0x1B0BC000,29463,True,False
0xA845A589,catcher_g02_logos_r.iff,0B,0x1B0C3800,29902,True,False
0xFFFA6C3F,catcher_g03.iff,0B,0x1B0CB000,639165,True,False
0xAA0355EF,catcher_g03_logos_l.iff,0B,0x1B167800,35438,True,False
0x75D37C0C,catcher_g03_logos_r.iff,0B,0x1B170800,35412,True,False
0x4DDAB02F,catcher_g04.iff,0B,0x1B179800,591638,True,False
0xD77053B7,catcher_g04_logos_l.iff,0B,0x1B20A000,42867,True,False
0x08A07A54,catcher_g04_logos_r.iff,0B,0x1B214800,43139,True,False
0x70BA999F,catcher_g05.iff,0B,0x1B21F800,637788,True,False
0x0AE68A32,catcher_g05_logos_l.iff,0B,0x1B2BB800,23867,True,False
0xD536A3D1,catcher_g05_logos_r.iff,0B,0x1B2C1800,24216,True,False
0x371AE34F,catcher_g06.iff,0B,0x1B2C7800,649125,True,False
0xB72CE6FC,catcher_g06_logos_l.iff,0B,0x1B366000,27418,True,False
0x68FCCF1F,catcher_g06_logos_r.iff,0B,0x1B36D000,27949,True,False
0x0A7ACAFF,catcher_g07.iff,0B,0x1B374000,662055,True,False
0x6ABA3F79,catcher_g07_logos_l.iff,0B,0x1B416000,13595,True,False
0xB56A169A,catcher_g07_logos_r.iff,0B,0x1B419800,13107,True,False
0x882A5D2E,catcher_g08.iff,0B,0x1B41D000,688694,True,False
0x4DCAEA4C,catcher_g08_logos_l.iff,0B,0x1B4C5800,19945,True,False
0x921AC3AF,catcher_g08_logos_r.iff,0B,0x1B4CA800,22555,True,False
0xB54A749E,catcher_g09.iff,0B,0x1B4D0800,621739,True,False
0x905C33C9,catcher_g09_logos_l.iff,0B,0x1B568800,22106,True,False
0x4F8C1A2A,catcher_g09_logos_r.iff,0B,0x1B56E000,22023,True,False
0x7306C54A,catcher_g10.iff,0B,0x1B573800,648826,True,False
0x8AC6D857,catcher_g10_logos_l.iff,0B,0x1B612000,25612,True,False
0x5516F1B4,catcher_g10_logos_r.iff,0B,0x1B618800,25358,True,False
0x4E66ECFA,catcher_g11.iff,0B,0x1B61F000,637373,True,False
0x575001D2,catcher_g11_logos_l.iff,0B,0x1B6BB000,24082,True,False
0x88802831,catcher_g11_logos_r.iff,0B,0x1B6C1000,24688,True,False
0x09C6962A,catcher_g12.iff,0B,0x1B6C7800,679651,True,False
0xEA9A6D1C,catcher_g12_logos_l.iff,0B,0x1B76D800,18569,True,False
0x354A44FF,catcher_g12_logos_r.iff,0B,0x1B772800,16661,True,False
0x34A6BF9A,catcher_g13.iff,0B,0x1B777000,613208,False,True
0x370CB499,catcher_g13_logos_l.iff,0B,0x1B80D000,28280,False,True
0xE8DC9D7A,catcher_g13_logos_r.iff,0B,0x1B814000,29243,False,True
0x8686638A,catcher_g14.iff,0B,0x1B81B800,476169,False,True
0x4A7FB2C1,catcher_g14_logos_l.iff,0B,0x1B890000,30711,False,True
0x95AF9B22,catcher_g14_logos_r.iff,0B,0x1B897800,30804,False,True
0xBBE64A3A,catcher_g15.iff,0B,0x1B89F800,652859,False,True
0x97E96B44,catcher_g15_logos_l.iff,0B,0x1B93F000,38790,False,True
0x483942A7,catcher_g15_logos_r.iff,0B,0x1B948800,39306,False,True
0xFC4630EA,catcher_g16.iff,0B,0x1B952800,672701,False,True
0x2A23078A,catcher_g16_logos_l.iff,0B,0x1B9F7000,35690,False,True
0xF5F32E69,catcher_g16_logos_r.iff,0B,0x1BA00000,36227,False,True
0xC126195A,catcher_g17.iff,0B,0x1BA09000,644673,False,True
0xF7B5DE0F,catcher_g17_logos_l.iff,0B,0x1BAA6800,35002,False,True
0x2865F7EC,catcher_g17_logos_r.iff,0B,0x1BAAF800,35359,False,True
0x43768E8B,catcher_g18.iff,0B,0x1BAB8800,658499,False,True
0xD0C50B3A,catcher_g18_logos_l.iff,0B,0x1BB59800,16137,False,True
0x0F1522D9,catcher_g18_logos_r.iff,0B,0x1BB5D800,16668,False,True
0x7E16A73B,catcher_g19.iff,0B,0x1BB62000,565685,False,True
0x0D53D2BF,catcher_g19_logos_l.iff,0B,0x1BBEC800,23686,False,True
0xD283FB5C,catcher_g19_logos_r.iff,0B,0x1BBF2800,23829,False,True
0x3D783408,crowdanim.iff,0A,0x37F27800,2958300,True,False
0x0EC99461,crowdloops.iff,0A,0x381FA000,2663038,False,True
0xA6931DB3,droster.iff,0A,0x3BC4000,809726,False,True
0x852E246F,franchise.iff,0B,0x370EB000,1186579,True,False
0xA4FC6431,frontend.iff,0A,0x3EEA800,566074,False,True
0xF69D21E4,frontend_sync.iff,0A,0x3C8D000,1415348,True,False
0x6CB47FC1,gamedata.iff,0A,0x3F75000,3295576,True,False
0xDB5E3E48,global.iff,0A,0x1149800,43537244,True,False
0x4B9F3A3E,helmet_g01_pattern_00.iff,0B,0x19142800,516,False,True
0x76FF138E,helmet_g01_pattern_01.iff,0B,0x19143000,66602,True,False
0x315F695E,helmet_g01_pattern_02.iff,0B,0x19153800,66928,True,False
0x0C3F40EE,helmet_g01_pattern_03.iff,0B,0x19164000,90688,True,False
0xBE1F9CFE,helmet_g01_pattern_04.iff,0B,0x1917A800,99337,True,False
0x837FB54E,helmet_g01_pattern_05.iff,0B,0x19193000,50509,True,False
0xC4DFCF9E,helmet_g01_pattern_06.iff,0B,0x1919F800,70111,True,False
0xF9BFE62E,helmet_g01_pattern_07.iff,0B,0x191B1000,90731,True,False
0x7BEF71FF,helmet_g01_pattern_08.iff,0B,0x191C7800,61378,True,False
0x468F584F,helmet_g01_pattern_09.iff,0B,0x191D6800,53773,True,False
0x80C3E99B,helmet_g01_pattern_10.iff,0B,0x191E4000,65306,True,False
0xBDA3C02B,helmet_g01_pattern_11.iff,0B,0x191F4000,112309,True,False
0xFA03BAFB,helmet_g01_pattern_12.iff,0B,0x1920F800,97350,True,False
0xC763934B,helmet_g01_pattern_13.iff,0B,0x19227800,79448,True,False
0x75434F5B,helmet_g01_pattern_14.iff,0B,0x1923B000,46538,True,False
0x482366EB,helmet_g01_pattern_15.iff,0B,0x19246800,34913,True,False
0x0F831C3B,helmet_g01_pattern_16.iff,0B,0x1924F800,106609,True,False
0x32E3358B,helmet_g01_pattern_17.iff,0B,0x1926A000,90209,True,False
0xB0B3A25A,helmet_g01_pattern_18.iff,0B,0x19280800,86125,True,False
0x8DD38BEA,helmet_g01_pattern_19.iff,0B,0x19296000,51849,True,False
0x06579B35,helmet_g01_pattern_20.iff,0B,0x192A3000,47489,True,False
0x3B37B285,helmet_g01_pattern_21.iff,0B,0x192AF000,30958,True,False
0x7C97C855,helmet_g01_pattern_22.iff,0B,0x192B7000,33060,True,False
0x41F7E1E5,helmet_g01_pattern_23.iff,0B,0x192BF800,52982,True,False
0xF3D73DF5,helmet_g01_pattern_24.iff,0B,0x192CC800,29591,True,False
0xCEB71445,helmet_g01_pattern_25.iff,0B,0x192D4000,43056,True,False
0x89176E95,helmet_g01_pattern_26.iff,0B,0x192DF000,131382,True,False
0xB4774725,helmet_g01_pattern_27.iff,0B,0x192FF800,117789,True,False
0x3627D0F4,helmet_g01_pattern_28.iff,0B,0x1931C800,44703,True,False
0x0B47F944,helmet_g01_pattern_29.iff,0B,0x19327800,89112,True,False
0xCD0B4890,helmet_g01_pattern_30.iff,0B,0x1933D800,74092,True,False
0xF06B6120,helmet_g01_pattern_31.iff,0B,0x19350000,34357,True,False
0x62578ECC,helmet_g02_pattern_00.iff,0B,0x19358800,516,False,True
0x5F37A77C,helmet_g02_pattern_01.iff,0B,0x19359000,3771,True,False
0x1897DDAC,helmet_g02_pattern_02.iff,0B,0x1935A000,8373,True,False
0x25F7F41C,helmet_g02_pattern_03.iff,0B,0x1935C800,29289,True,False
0x97D7280C,helmet_g02_pattern_04.iff,0B,0x19364000,38590,True,False
0xAAB701BC,helmet_g02_pattern_05.iff,0B,0x1936D800,139700,True,False
0xCC3F1F5D,helmet_g03_pattern_00.iff,0B,0x19390000,516,False,True
0xF15F36ED,helmet_g03_pattern_01.iff,0B,0x19390800,3771,True,False
0xB6FF4C3D,helmet_g03_pattern_02.iff,0B,0x19391800,8373,True,False
0x8B9F658D,helmet_g03_pattern_03.iff,0B,0x19394000,29289,True,False
0x39BFB99D,helmet_g03_pattern_04.iff,0B,0x1939B800,38591,True,False
0x04DF902D,helmet_g03_pattern_05.iff,0B,0x193A5000,139700,True,False
0x31C6E728,helmet_g04_pattern_00.iff,0B,0x193C7800,516,False,True
0x0CA6CE98,helmet_g04_pattern_01.iff,0B,0x193C8000,66602,True,False
0x4B06B448,helmet_g04_pattern_02.iff,0B,0x193D8800,66928,True,False
0x76669DF8,helmet_g04_pattern_03.iff,0B,0x193E9000,90586,True,False
0xC44641E8,helmet_g04_pattern_04.iff,0B,0x193FF800,99337,True,False
0xF9266858,helmet_g04_pattern_05.iff,0B,0x19418000,50509,True,False
0xBE861288,helmet_g04_pattern_06.iff,0B,0x19424800,70111,True,False
0x83E63B38,helmet_g04_pattern_07.iff,0B,0x19436000,90837,True,False
0x01B6ACE9,helmet_g04_pattern_08.iff,0B,0x1944C800,61378,True,False
0x3CD68559,helmet_g04_pattern_09.iff,0B,0x1945B800,53773,True,False
0xFA9A348D,helmet_g04_pattern_10.iff,0B,0x19469000,65306,True,False
0xC7FA1D3D,helmet_g04_pattern_11.iff,0B,0x19479000,112309,True,False
0x805A67ED,helmet_g04_pattern_12.iff,0B,0x19494800,97350,True,False
0xBD3A4E5D,helmet_g04_pattern_13.iff,0B,0x194AC800,79449,True,False
0x0F1A924D,helmet_g04_pattern_14.iff,0B,0x194C0000,46628,True,False
0x327ABBFD,helmet_g04_pattern_15.iff,0B,0x194CB800,34913,True,False
0x75DAC12D,helmet_g04_pattern_16.iff,0B,0x194D4800,106648,True,False
0x48BAE89D,helmet_g04_pattern_17.iff,0B,0x194EF000,89464,True,False
0xCAEA7F4C,helmet_g04_pattern_18.iff,0B,0x19505000,86125,True,False
0xF78A56FC,helmet_g04_pattern_19.iff,0B,0x1951A800,51892,True,False
0x7C0E4623,helmet_g04_pattern_20.iff,0B,0x19527800,47489,True,False
0x416E6F93,helmet_g04_pattern_21.iff,0B,0x19533800,30958,True,False
0x06CE1543,helmet_g04_pattern_22.iff,0B,0x1953B800,33060,True,False
0x3BAE3CF3,helmet_g04_pattern_23.iff,0B,0x19544000,53086,True,False
0x898EE0E3,helmet_g04_pattern_24.iff,0B,0x19551000,29591,True,False
0xB4EEC953,helmet_g04_pattern_25.iff,0B,0x19558800,43056,True,False
0xF34EB383,helmet_g04_pattern_26.iff,0B,0x19563800,131382,True,False
0xCE2E9A33,helmet_g04_pattern_27.iff,0B,0x19584000,117789,True,False
0x4C7E0DE2,helmet_g04_pattern_28.iff,0B,0x195A1000,44703,True,False
0x711E2452,helmet_g04_pattern_29.iff,0B,0x195AC000,89112,True,False
0xB7529586,helmet_g04_pattern_30.iff,0B,0x195C2000,74092,True,False
0x8A32BC36,helmet_g04_pattern_31.iff,0B,0x195D4800,34357,True,False
0x9FAE76B9,helmet_g05_pattern_00.iff,0B,0x195DD000,516,False,True
0xA2CE5F09,helmet_g05_pattern_01.iff,0B,0x195DD800,2285,True,False
0xE56E25D9,helmet_g05_pattern_02.iff,0B,0x195DE800,4316,True,False
0xD80E0C69,helmet_g05_pattern_03.iff,0B,0x195E0000,48467,True,False
0xB666C24B,helmet_g06_pattern_00.iff,0B,0x195EC000,516,False,True
0x8B06EBFB,helmet_g06_pattern_01.iff,0B,0x195EC800,2285,True,False
0xCCA6912B,helmet_g06_pattern_02.iff,0B,0x195ED800,4316,True,False
0xF1C6B89B,helmet_g06_pattern_03.iff,0B,0x195EF000,48467,True,False
0xEF6AB9CE,iconnav.iff,0A,0x3C8A000,2680,False,True
0xF35AE24E,iconnav_movie.iff,0A,0x3C8B800,1740,False,True
0x9337B589,iconnav_movie1.iff,0A,0x3C8B000,1330,False,True
0x1E24D65F,jukebox.iff,0B,0x3753B800,311583,True,False
0x74B9430D,led_ana.iff,0A,0x4A6C800,212060,True,False
0x2E64A641,led_atl.iff,0A,0x4AA0800,245805,True,False
0x942D4ED7,led_bos.iff,0A,0x4ADD000,208519,True,False
0x9E6077D8,led_buf.iff,0A,0x4B10000,210702,True,False
0x35300DA3,led_car.iff,0A,0x4B43800,204111,True,False
0xE334A34E,led_cbj.iff,0A,0x4B75800,214309,True,False
0x94B9DFAF,led_cgy.iff,0A,0x4BAA000,235705,True,False
0x050FFAF8,led_chi.iff,0A,0x4BE4000,225643,True,False
0xD0EA4530,led_col.iff,0A,0x4C1B800,223227,True,False
0x2F471ACE,led_dal.iff,0A,0x4CEE000,202052,True,False
0xE446849B,led_det.iff,0A,0x4D1F800,202409,True,False
0xE49DA979,led_edm.iff,0A,0x4D51000,232316,True,False
0xFCD6DC88,led_fla.iff,0A,0x4D8A000,231400,True,False
0xAE8888B9,led_lak.iff,0A,0x4DF6800,203474,True,False
0x2C4C8E10,led_min.iff,0A,0x4E28800,219755,True,False
0xE9C4CC35,led_mtl.iff,0A,0x4E92800,203179,True,False
0xD180FE82,led_njd.iff,0A,0x4EC4800,201599,True,False
0x30A940D0,led_nsh.iff,0A,0x4EF6000,204199,True,False
0xAC524A06,led_nyi.iff,0A,0x4F28000,204474,True,False
0xBB62EC95,led_nyr.iff,0A,0x4F5A000,230745,True,False
0x2ECB015F,led_ott.iff,0A,0x4F92800,203012,True,False
0x53397CAB,led_phi.iff,0A,0x4FC4800,210982,True,False
0xDC79890B,led_pho.iff,0A,0x4FF8800,202121,True,False
0x0015FC3D,led_pit.iff,0A,0x502A000,223940,True,False
0x0549481E,led_sjs.iff,0A,0x5095000,264514,True,False
0xDE252BA6,led_stl.iff,0A,0x510A000,222451,True,False
0xCE0DF4AE,led_tbl.iff,0A,0x5140800,208673,True,False
0xAD43CE93,led_tor.iff,0A,0x5173800,203415,True,False
0xA5C6C449,led_van.iff,0A,0x51A5800,203546,True,False
0xC2EF99CD,led_wsh.iff,0A,0x523F800,205709,True,False
0xB4720031,loading.iff,0A,0x101F800,1218792,True,False
0x4EB3D677,loading_audio.iff,0A,0x100F000,1900,False,True
0xF9A03837,loc.iff,0A,0x9800,268,False,True
0x271CECA2,logo_2k.iff,0B,0x18ABF800,36496,False,True
0x4EC0E61E,logo_ana.iff,0B,0x18AD1800,54116,True,False
0x141D0352,logo_atl.iff,0B,0x18AF7800,59058,True,False
0x8FD10CB4,logo_aut.iff,0B,0x18B14000,69081,False,True
0xED7FC8F1,logo_bel.iff,0B,0x18B25000,71411,False,True
0xAE54EBC4,logo_bos.iff,0B,0x18B36800,51985,True,False
0xA419D2CB,logo_buf.iff,0B,0x18B4E000,47787,True,False
0xAA59D233,logo_can.iff,0B,0x18B70800,57818,False,True
0x0F49A8B0,logo_car.iff,0B,0x18B7F000,44633,True,False
0xD94D065D,logo_cbj.iff,0B,0x18BA1800,61106,True,False
0xAEC07ABC,logo_cgy.iff,0B,0x18BBE000,53327,True,False
0x3F765FEB,logo_chi.iff,0B,0x18BE3800,72513,True,False
0xEA93E023,logo_col.iff,0B,0x18C17000,63901,True,False
0xB498117A,logo_cze.iff,0B,0x18D83800,61995,False,True
0x153EBFDD,logo_dal.iff,0B,0x18D93000,42447,True,False
0xDE3F2188,logo_det.iff,0B,0x18DB2800,55617,True,False
0xD0DCA3B6,logo_dmk.iff,0B,0x18DCF800,64293,False,True
0x0611D1D3,logo_eca.iff,0B,0x18DDF800,65888,False,True
0xDEE40C6A,logo_edm.iff,0B,0x18DF0000,59142,True,False
0x14327FF9,logo_fin.iff,0B,0x18E0F000,66261,False,True
0xC6AF799B,logo_fla.iff,0B,0x18E1F800,57839,True,False
0xFF731A70,logo_fra.iff,0B,0x18E43800,67071,False,True
0x6097CEB5,logo_ger.iff,0B,0x18E54000,52058,False,True
0x0CD6AD16,logo_kaz.iff,0B,0x18E61000,79043,False,True
0x94F12DAA,logo_lak.iff,0B,0x18E74800,70104,True,False
0x76412DF9,logo_lat.iff,0B,0x18EA4000,63375,False,True
0x16352B03,logo_min.iff,0B,0x18EB3800,53003,True,False
0xD3BD6926,logo_mtl.iff,0B,0x18ECD000,46505,True,False
0x9641B15B,logo_nhl.iff,0B,0x18EE5800,78948,False,True
0xEBF95B91,logo_njd.iff,0B,0x18EF9000,55598,True,False
0x0AD0E5C3,logo_nsh.iff,0B,0x18F20000,58766,True,False
0x962BEF15,logo_nyi.iff,0B,0x18F49800,60356,True,False
0x811B4986,logo_nyr.iff,0B,0x18F68000,51067,True,False
0x14B2A44C,logo_ott.iff,0B,0x18F88800,62477,True,False
0x6940D9B8,logo_phi.iff,0B,0x18FA8800,36843,True,False
0xE6002C18,logo_pho.iff,0B,0x18FBB800,58195,True,False
0x3A6C592E,logo_pit.iff,0B,0x18FE3000,56899,True,False
0x6BC756F7,logo_rus.iff,0B,0x1900D000,66323,False,True
0x3F30ED0D,logo_sjs.iff,0B,0x1901D800,52893,True,False
0x4C797493,logo_slo.iff,0B,0x19038800,64101,False,True
0xE45C8EB5,logo_stl.iff,0B,0x19048800,41633,True,False
0xE7E0D260,logo_sui.iff,0B,0x1905D800,57289,False,True
0x6FD89E6A,logo_swe.iff,0B,0x1906B800,60937,False,True
0xF47451BD,logo_tbl.iff,0B,0x1907A800,62811,True,False
0x973A6B80,logo_tor.iff,0B,0x190B1800,35875,True,False
0xAADC2222,logo_ukr.iff,0B,0x190C3800,59166,False,True
0x62194F86,logo_usa.iff,0B,0x190D2000,78404,False,True
0x9FBF615A,logo_van.iff,0B,0x190E5800,64877,True,False
0xF6505C34,logo_wca.iff,0B,0x1911A000,64799,False,True
0xF8963CDE,logo_wsh.iff,0B,0x1912A000,43543,True,False
0x89150E9C,logos_large.iff,0A,0x100D800,5416,False,True
0x9CA13F0B,logos_medium.iff,0A,0x100C000,5418,False,True
0x9C228292,logos_small.iff,0A,0x100A800,5416,False,True
0x96B1D587,online.iff,0A,0x3DE7000,1062457,True,False
0x84DC1E88,onlineavatarindex.iff,0A,0x3C8C000,3191,False,True
0x9F574F6C,overlay_set.iff,0B,0x36C8D000,1366,False,True
0x8B3F70B9,overlay_static.iff,0B,0x36949000,1419013,True,False
0x9F7DAD2D,overlay_static_skills.iff,0B,0x36AA3800,689567,True,False
0x14CF711F,overlay_wipes.iff,0B,0x36B4C000,1314316,True,False
0x4FF4258F,pad_g00.iff,0B,0x195FB000,672978,False,True
0x48643867,pad_g00_logos.iff,0B,0x1969F800,15824,False,True
0x72940C3F,pad_g01.iff,0B,0x196A3800,659670,True,False
0x89EAE7A7,pad_g01_logos.iff,0B,0x19745000,15901,True,False
0x353476EF,pad_g02.iff,0B,0x19749000,667886,True,False
0x100881A6,pad_g02_logos.iff,0B,0x197EC800,20970,True,False
0x08545F5F,pad_g03.iff,0B,0x197F2000,648646,True,False
0xD1865E66,pad_g03_logos.iff,0B,0x19890800,13799,True,False
0xBA74834F,pad_g04.iff,0B,0x19894000,649226,True,False
0xF8BD4BE5,pad_g04_logos.iff,0B,0x19933000,13799,True,False
0x8714AAFF,pad_g05.iff,0B,0x19936800,628414,True,False
0x39339425,pad_g05_logos.iff,0B,0x199D0000,7506,True,False
0xC0B4D02F,pad_g06.iff,0B,0x199D2000,631911,True,False
0xA0D1F224,pad_g06_logos.iff,0B,0x19A6C800,7506,True,False
0xFDD4F99F,pad_g07.iff,0B,0x19A6E800,658563,True,False
0x615F2DE4,pad_g07_logos.iff,0B,0x19B0F800,14416,True,False
0x7F846E4E,pad_g08.iff,0B,0x19B13800,622740,True,False
0xF2A7D922,pad_g08_logos.iff,0B,0x19BAC000,24648,True,False
0x42E447FE,pad_g09.iff,0B,0x19BB2800,692335,True,False
0x332906E2,pad_g09_logos.iff,0B,0x19C5C000,24648,True,False
0x84A8F62A,pad_g10.iff,0B,0x19C62800,607384,True,False
0xD3C17408,pad_g10_logos.iff,0B,0x19CF7000,21462,True,False
0xB9C8DF9A,pad_g11.iff,0B,0x19CFC800,628368,True,False
0x124FABC8,pad_g11_logos.iff,0B,0x19D96000,11751,True,False
0xFE68A54A,pad_g12.iff,0B,0x19D99000,655725,True,False
0x8BADCDC9,pad_g12_logos.iff,0B,0x19E39800,21170,True,False
0xC3088CFA,pad_g13.iff,0B,0x19E3F000,716223,False,True
0x4A231209,pad_g13_logos.iff,0B,0x19EEE000,21170,False,True
0x712850EA,pad_g14.iff,0B,0x19EF3800,619859,False,True
0x6318078A,pad_g14_logos.iff,0B,0x19F8B000,27638,False,True
0x4C48795A,pad_g15.iff,0B,0x19F92000,646090,False,True
0xA296D84A,pad_g15_logos.iff,0B,0x1A030000,26888,False,True
0x0BE8038A,pad_g16.iff,0B,0x1A037000,639732,False,True
0x3B74BE4B,pad_g16_logos.iff,0B,0x1A0D3800,27638,False,True
0x36882A3A,pad_g17.iff,0B,0x1A0DA800,603791,False,True
0xFAFA618B,pad_g17_logos.iff,0B,0x1A16E000,24278,False,True
0xB4D8BDEB,pad_g18.iff,0B,0x1A174000,648588,False,True
0x6902954D,pad_g18_logos.iff,0B,0x1A212800,26888,False,True
0x89B8945B,pad_g19.iff,0B,0x1A219800,1181308,False,True
0xA88C4A8D,pad_g19_logos.iff,0B,0x1A33A000,28085,False,True
0x6622AC71,paintro.iff,0B,0x36C8E000,2284,False,True
0xB4096B9E,pasfx.iff,0B,0x36948000,740,False,True
0x91CC9181,player_head_id_0007.iff,0B,0x1C2BA800,1038185,False,True
0xE8B09E34,player_head_id_0010.iff,0B,0x1C3B8000,1022113,False,True
0xD5D0B784,player_head_id_0011.iff,0B,0x1C4B2000,1021414,False,True
0x5A904224,player_head_id_0017.iff,0B,0x1C5AB800,1024029,False,True
0xE5A0FC45,player_head_id_0019.iff,0B,0x1C6A6000,1046836,False,True
0x6E24EC9A,player_head_id_0020.iff,0B,0x1C7A6000,1014737,False,True
0x14E4BFFA,player_head_id_0022.iff,0B,0x1C89E000,1019250,False,True
0xE164193A,player_head_id_0026.iff,0B,0x1C997000,1034435,False,True
0x435197E3,player_head_id_0058.iff,0B,0x1CA94000,910337,False,True
0x8F75FDEC,player_head_id_0062.iff,0B,0x1CB72800,993471,False,True
0x3D5521FC,player_head_id_0065.iff,0B,0x1CC65800,922006,False,True
0x7AF55B2C,player_head_id_0066.iff,0B,0x1CD47000,938322,False,True
0x0E9936E8,player_head_id_0078.iff,0B,0x1CE2C800,909318,False,True
0x075F408C,player_head_id_0085.iff,0B,0x1CF0B000,970295,False,True
0x40FF3A5C,player_head_id_0086.iff,0B,0x1CFF8000,927753,False,True
0xFFCF843D,player_head_id_0088.iff,0B,0x1D0DB000,973382,False,True
0x398335E9,player_head_id_0091.iff,0B,0x1D1C9000,920671,False,True
0x7E234F39,player_head_id_0092.iff,0B,0x1D2AA000,966967,False,True
0xF163BA99,player_head_id_0094.iff,0B,0x1D396800,1029949,False,True
0x8BA3E9F9,player_head_id_0096.iff,0B,0x1D492000,956145,False,True
0x701BE0E5,player_head_id_0104.iff,0B,0x1D57B800,986592,False,True
0xC1876020,player_head_id_0116.iff,0B,0x1D66C800,969915,False,True
0x7EB7DE41,player_head_id_0118.iff,0B,0x1D759800,1013283,False,True
0x3DD341EE,player_head_id_0124.iff,0B,0x1D851000,959331,False,True
0xF823ACEF,player_head_id_0128.iff,0B,0x1D93B800,1013886,False,True
0x337F7F4A,player_head_id_0138.iff,0B,0x1DA33800,969739,False,True
0x236A2D83,player_head_id_0141.iff,0B,0x1DB20800,954485,False,True
0xD6EA8B43,player_head_id_0145.iff,0B,0x1DC0A000,1024287,False,True
0x914AF193,player_head_id_0146.iff,0B,0x1DD04800,956621,False,True
0xAC2AD823,player_head_id_0147.iff,0B,0x1DDEE800,1059678,False,True
0x2E7A4FF2,player_head_id_0148.iff,0B,0x1DEF1800,926475,False,True
0xA1284B38,player_head_id_0185.iff,0B,0x1DFD4000,1033417,False,True
0x5714B12D,player_head_id_0194.iff,0B,0x1E0D0800,990799,False,True
0x6A74989D,player_head_id_0195.iff,0B,0x1E1C2800,1012110,False,True
0x3B33A918,player_head_id_0206.iff,0B,0x1E2BA000,980382,False,True
0xB9633EC9,player_head_id_0209.iff,0B,0x1E3A9800,1025081,False,True
0x388FF5CD,player_head_id_0213.iff,0B,0x1E4A4000,1002749,False,True
0xBE1B8763,player_head_id_0223.iff,0B,0x1E599000,1013344,False,True
0x80C7F206,player_head_id_0237.iff,0B,0x1E690800,960964,False,True
0x6842647E,player_head_id_0243.iff,0B,0x1E77B800,977194,False,True
0x22F27CDF,player_head_id_0249.iff,0B,0x1E86A800,1006583,False,True
0x113E6BCB,player_head_id_0254.iff,0B,0x1E960800,944506,False,True
0x6BFE38AB,player_head_id_0256.iff,0B,0x1EA47800,1005042,False,True
0x622ABFA5,player_head_id_0260.iff,0B,0x1EB3D000,921571,False,True
0x18EAECC5,player_head_id_0262.iff,0B,0x1EC1E000,959185,False,True
0x525AF464,player_head_id_0268.iff,0B,0x1ED08800,1039905,False,True
0xEED616D0,player_head_id_0273.iff,0B,0x1EE06800,1004958,False,True
0x22E08DB5,player_head_id_0282.iff,0B,0x1EEFC000,1037803,False,True
0x1F80A405,player_head_id_0283.iff,0B,0x1EFF9800,992115,False,True
0x66FCABB0,player_head_id_0294.iff,0B,0x1F0EC000,1019921,False,True
0x215CD160,player_head_id_0297.iff,0B,0x1F1E5800,1006924,False,True
0x1F14357D,player_head_id_0309.iff,0B,0x1F2DB800,1001443,False,True
0xE438AD19,player_head_id_0311.iff,0B,0x1F3D0000,955601,False,True
0x2CD82269,player_head_id_0314.iff,0B,0x1F4B9800,988805,False,True
0xD448E6D8,player_head_id_0319.iff,0B,0x1F5AB000,1037301,False,True
0x5FCCF607,player_head_id_0320.iff,0B,0x1F6A8800,930929,False,True
0x972C7977,player_head_id_0325.iff,0B,0x1F78C000,1013116,False,True
0xA9F00C12,player_head_id_0331.iff,0B,0x1F883800,943712,False,True
0x380995DF,player_head_id_0352.iff,0B,0x1F96A000,1011186,False,True
0xB749607F,player_head_id_0354.iff,0B,0x1FA61000,977675,False,True
0xCD89331F,player_head_id_0356.iff,0B,0x1FB50000,1002494,False,True
0x767D6801,player_head_id_0367.iff,0B,0x1FC45000,1013546,False,True
0xC337FCD1,player_head_id_0381.iff,0B,0x1FD3C800,1008710,False,True
0x84978601,player_head_id_0382.iff,0B,0x1FE33000,1043609,False,True
0xCE279EA0,player_head_id_0388.iff,0B,0x1FF32000,1059115,False,True
0x086B2F74,player_head_id_0391.iff,0B,0x20035000,1003475,False,True
0x4FCB55A4,player_head_id_0392.iff,0B,0x2012A000,1009638,False,True
0x057B4D05,player_head_id_0398.iff,0B,0x20220800,999138,False,True
0xE7D32243,player_head_id_0408.iff,0B,0x20314800,1002128,False,True
0xD41F3557,player_head_id_0415.iff,0B,0x20409800,1017549,False,True
0x284B1499,player_head_id_0427.iff,0B,0x20502000,1003922,False,True
0x51371B2C,player_head_id_0430.iff,0B,0x205F7800,1040249,False,True
0x5C27795D,player_head_id_0439.iff,0B,0x206F5800,1033448,False,True
0x4C322B94,player_head_id_0440.iff,0B,0x207F2000,990845,False,True
0xFE12F784,player_head_id_0447.iff,0B,0x208E4000,1011529,False,True
0x7C426055,player_head_id_0448.iff,0B,0x209DB000,1001473,False,True
0xC91A05EF,player_head_id_0465.iff,0B,0x20AD0000,1029159,False,True
0xB3DA568F,player_head_id_0467.iff,0B,0x20BCB800,985573,False,True
0x318AC15E,player_head_id_0468.iff,0B,0x20CBC800,995306,False,True
0x8D0623EA,player_head_id_0473.iff,0B,0x20DAF800,954367,False,True
0x3BF0EBEF,player_head_id_0480.iff,0B,0x20E98800,1031896,False,True
0x0B80A02E,player_head_id_0488.iff,0B,0x20F94800,987368,False,True
0x36E0899E,player_head_id_0489.iff,0B,0x21086000,1005441,False,True
0xF0AC384A,player_head_id_0490.iff,0B,0x2117B800,1005009,False,True
0x7FECCDEA,player_head_id_0496.iff,0B,0x21271000,1016894,False,True
0xC3F4BE26,player_head_id_0507.iff,0B,0x21369800,995476,False,True
0xFD28CB43,player_head_id_0513.iff,0B,0x2145D000,994279,False,True
0xF7401098,player_head_id_0530.iff,0B,0x21550000,1020054,False,True
0x8D8043F8,player_head_id_0532.iff,0B,0x21649800,1006392,False,True
0xDA356BE1,player_head_id_0548.iff,0B,0x2173F800,1040657,False,True
0x66B98955,player_head_id_0553.iff,0B,0x2183E000,1003802,False,True
0x61C130FF,player_head_id_0579.iff,0B,0x21933800,997652,False,True
0x9D87E05B,player_head_id_0580.iff,0B,0x21A27800,992578,False,True
0x12C715FB,player_head_id_0586.iff,0B,0x21B1A000,1039068,False,True
0x56DB33FE,player_head_id_0590.iff,0B,0x21C18000,1035394,False,True
0x6BBB1A4E,player_head_id_0591.iff,0B,0x21D15000,1031251,False,True
0x2C1B609E,player_head_id_0592.iff,0B,0x21E11000,1012983,False,True
0xF21CA4BB,player_head_id_0607.iff,0B,0x21F08800,1010833,False,True
0x704C336A,player_head_id_0608.iff,0B,0x21FFF800,1013706,False,True
0x8B60AB0E,player_head_id_0610.iff,0B,0x220F7000,1011457,False,True
0xBB10E0CF,player_head_id_0618.iff,0B,0x221EE000,1038276,False,True
0xBFD405B0,player_head_id_0627.iff,0B,0x222EB800,1002942,False,True
0x0E488575,player_head_id_0635.iff,0B,0x223E0800,1036234,False,True
0xE6CD130D,player_head_id_0641.iff,0B,0x224DD800,1008603,False,True
0x134DB5CD,player_head_id_0645.iff,0B,0x225D4000,1013062,False,True
0xEBDD717C,player_head_id_0648.iff,0B,0x226CB800,992391,False,True
0x2081A2D9,player_head_id_0658.iff,0B,0x227BE000,1018211,False,True
0x5D394813,player_head_id_0670.iff,0B,0x228B7000,1001333,False,True
0x6D4903D2,player_head_id_0678.iff,0B,0x229AB800,994215,False,True
0x910FD376,player_head_id_0681.iff,0B,0x22A9E800,1035022,False,True
0xD6AFA9A6,player_head_id_0682.iff,0B,0x22B9B800,1036373,False,True
0xA17F98B7,player_head_id_0689.iff,0B,0x22C99000,1056912,False,True
0x67332963,player_head_id_0690.iff,0B,0x22D9B800,1015277,False,True
0x574362A2,player_head_id_0698.iff,0B,0x22E93800,1039698,False,True
0xD63B38DE,player_head_id_0708.iff,0B,0x22F91800,1025982,False,True
0xEB5B116E,player_head_id_0709.iff,0B,0x2308C000,994535,False,True
0x1077890A,player_head_id_0711.iff,0B,0x2317F000,970862,False,True
0x6AB7DA6A,player_head_id_0713.iff,0B,0x2326C800,1042521,False,True
0x9F377CAA,player_head_id_0717.iff,0B,0x2336B800,1033544,False,True
0x2007C2CB,player_head_id_0719.iff,0B,0x23468000,1018202,False,True
0x24C327B4,player_head_id_0726.iff,0B,0x23561000,1027376,False,True
0x19A30E04,player_head_id_0727.iff,0B,0x2365C000,1028133,False,True
0x277F7B61,player_head_id_0733.iff,0B,0x23757800,1007445,False,True
0xA83F8EC1,player_head_id_0735.iff,0B,0x2384D800,1012538,False,True
0x071A6269,player_head_id_0742.iff,0B,0x23945000,1029055,False,True
0xF29AC4A9,player_head_id_0746.iff,0B,0x23A40800,1033319,False,True
0x4DAA7AC8,player_head_id_0748.iff,0B,0x23B3D000,897264,False,True
0x70CA5378,player_head_id_0749.iff,0B,0x23C18800,975165,False,True
0xB686E2AC,player_head_id_0750.iff,0B,0x23D07000,1019058,False,True
0xBB9680DD,player_head_id_0759.iff,0B,0x23E00000,993748,False,True
0x4AD2C362,player_head_id_0762.iff,0B,0x23EF3000,1016050,False,True
0xF8F21F72,player_head_id_0765.iff,0B,0x23FEB800,1055542,False,True
0x82324C12,player_head_id_0767.iff,0B,0x240ED800,1007697,False,True
0xFB4E43A7,player_head_id_0770.iff,0B,0x241E4000,1074294,False,True
0xC62E6A17,player_head_id_0771.iff,0B,0x242EA800,1070113,False,True
0xBCEE3977,player_head_id_0773.iff,0B,0x243F0000,1005506,False,True
0x33AECCD7,player_head_id_0775.iff,0B,0x244E5800,1029914,False,True
0xCC5440A6,player_head_id_0799.iff,0B,0x245E1000,992135,False,True
0xA223DFE6,player_head_id_0807.iff,0B,0x246D3800,1026831,False,True
0xE63FF9E3,player_head_id_0811.iff,0B,0x247CE800,1017840,False,True
0xA19F8333,player_head_id_0812.iff,0B,0x248C7000,992540,False,True
0x9CFFAA83,player_head_id_0813.iff,0B,0x249B9800,1019439,False,True
0x270BF19D,player_head_id_0822.iff,0B,0x24AB2800,992048,False,True
0x50DBC08C,player_head_id_0829.iff,0B,0x24BA5000,1011853,False,True
0xEC572238,player_head_id_0832.iff,0B,0x24C9C800,985762,False,True
0xD1370B88,player_head_id_0833.iff,0B,0x24D8D800,1062416,False,True
0x39B29DF0,player_head_id_0847.iff,0B,0x24E91000,1022101,False,True
0x076EE895,player_head_id_0853.iff,0B,0x24F8B000,984949,False,True
0xFB3AC95B,player_head_id_0861.iff,0B,0x2507B800,996429,False,True
0x747A3CFB,player_head_id_0867.iff,0B,0x2516F000,1067137,False,True
0x77C6602E,player_head_id_0872.iff,0B,0x25274000,1000806,False,True
0xF886958E,player_head_id_0874.iff,0B,0x25368800,939475,False,True
0x09D0275B,player_head_id_0884.iff,0B,0x2544E000,1010355,False,True
0x4E705D8B,player_head_id_0887.iff,0B,0x25545000,1041510,False,True
0x077C19FF,player_head_id_0898.iff,0B,0x25643800,1029290,False,True
0x86044383,player_head_id_0908.iff,0B,0x2573F000,1005329,False,True
0x4048F257,player_head_id_0911.iff,0B,0x25834800,1027326,False,True
0x30E07AEC,player_head_id_0930.iff,0B,0x2592F800,1016509,False,True
0x0090312D,player_head_id_0938.iff,0B,0x25A28000,991581,False,True
0x108563E4,player_head_id_0941.iff,0B,0x25B1A800,998597,False,True
0xE505C524,player_head_id_0945.iff,0B,0x25C0E800,1022163,False,True
0xDBD9B041,player_head_id_0951.iff,0B,0x25D08800,1005574,False,True
0xAB7138FA,player_head_id_0970.iff,0B,0x25DFE800,1023556,False,True
0x2431CD5A,player_head_id_0976.iff,0B,0x25EF8800,1026605,False,True
0x1951E4EA,player_head_id_0977.iff,0B,0x25FF3800,975743,False,True
0xDBF2E3B1,player_head_id_1037.iff,0B,0x260E2000,998962,True,False
0x59A27460,player_head_id_1038.iff,0B,0x261D6000,1027838,True,False
0xF82BA66C,player_head_id_1053.iff,0B,0x262D1000,981520,True,False
0x4A0B7A7C,player_head_id_1054.iff,0B,0x263C1000,997574,True,False
0xCC9F08D2,player_head_id_1064.iff,0B,0x264B5000,991359,True,False
0x3489AC71,player_head_id_1128.iff,0B,0x265A7800,997099,True,False
0xCFA53415,player_head_id_1130.iff,0B,0x2669B000,1037008,True,False
0x14ECB579,player_head_id_1159.iff,0B,0x26798800,996486,True,False
0x2D4879B6,player_head_id_1167.iff,0B,0x2688C000,980925,True,False
0xDB7483A3,player_head_id_1176.iff,0B,0x2697B800,965555,True,False
0x6D824BA6,player_head_id_1185.iff,0B,0x26A67800,1008307,True,False
0x632E7502,player_head_id_1199.iff,0B,0x26B5E000,1030172,True,False
0x78D95C26,player_head_id_1200.iff,0B,0x26C5A000,999994,True,False
0xC945DCE3,player_head_id_1212.iff,0B,0x26D4E800,1023352,True,False
0x3511FD2D,player_head_id_1220.iff,0B,0x26E48800,1014407,True,False
0x4FD1AE4D,player_head_id_1222.iff,0B,0x26F40800,1037728,True,False
0xBE017C8A,player_head_id_1393.iff,0B,0x2703E000,979526,True,False
0xD3E9E66C,player_head_id_1405.iff,0B,0x2712D800,1010341,True,False
0x94499CBC,player_head_id_1406.iff,0B,0x27224800,993523,True,False
0xE025F178,player_head_id_1418.iff,0B,0x27317800,1030224,True,False
0x66B183D6,player_head_id_1428.iff,0B,0x27413800,1027010,True,False
0xDA3D6162,player_head_id_1433.iff,0B,0x2750E800,1006158,True,False
0x681DBD72,player_head_id_1434.iff,0B,0x27604800,981830,True,False
0x557D94C2,player_head_id_1435.iff,0B,0x276F4800,983715,True,False
0x0C64827F,player_head_id_1453.iff,0B,0x277E5000,1022075,True,False
0x832477DF,player_head_id_1455.iff,0B,0x278DF000,992485,True,False
0xF9E424BF,player_head_id_1457.iff,0B,0x279D1800,1032314,True,False
0x7BB4B36E,player_head_id_1458.iff,0B,0x27ACE000,986912,True,False
0xCD508A01,player_head_id_1460.iff,0B,0x27BBF000,990625,True,False
0xFD20C1C0,player_head_id_1468.iff,0B,0x27CB1000,903647,True,False
0xC040E870,player_head_id_1469.iff,0B,0x27D8E000,1006790,True,False
0x060C59A4,player_head_id_1470.iff,0B,0x27E84000,999855,True,False
0x3B6C7014,player_head_id_1471.iff,0B,0x27F78800,1003287,True,False
0x7CCC0AC4,player_head_id_1472.iff,0B,0x2806D800,1028579,True,False
0xCA3AC2C1,player_head_id_1481.iff,0B,0x28169000,991777,True,False
0x781A1ED1,player_head_id_1486.iff,0B,0x2825B800,1008844,True,False
0x8D0E2969,player_head_id_1508.iff,0B,0x28352000,1006210,True,False
0xF96244AD,player_head_id_1516.iff,0B,0x28448000,887070,True,False
0x4652FACC,player_head_id_1518.iff,0B,0x28521000,997442,True,False
0xF0B6C3A3,player_head_id_1520.iff,0B,0x28615000,1020172,True,False
0x38564CD3,player_head_id_1525.iff,0B,0x2870E800,852814,True,False
0xF30A9F76,player_head_id_1535.iff,0B,0x287DF000,1007400,True,False
0xD36F867E,player_head_id_1544.iff,0B,0x288D5000,1007080,True,False
0xEE0FAFCE,player_head_id_1545.iff,0B,0x289CB000,1007161,True,False
0x900B19D1,player_head_id_1578.iff,0B,0x28AC1000,1004231,True,False
0x512DE0C5,player_head_id_1580.iff,0B,0x28BB6800,966829,True,False
0x2BEDB3A5,player_head_id_1582.iff,0B,0x28CA3000,1031980,True,False
0x9A713360,player_head_id_1590.iff,0B,0x28D9F000,975881,True,False
0x2851EF70,player_head_id_1597.iff,0B,0x28E8D800,1018502,True,False
0xBCE633F4,player_head_id_1608.iff,0B,0x28F86800,1038496,True,False
0xB24A0D50,player_head_id_1614.iff,0B,0x29084800,992001,True,False
0xBB9E8A5E,player_head_id_1622.iff,0B,0x29177000,1022935,True,False
0x09BE564E,player_head_id_1625.iff,0B,0x29271000,1022974,True,False
0x4E1E2C9E,player_head_id_1626.iff,0B,0x2936B000,1013097,True,False
0x737E052E,player_head_id_1627.iff,0B,0x29462800,1042622,True,False
0xF12E92FF,player_head_id_1628.iff,0B,0x29561800,928673,True,False
0xCC4EBB4F,player_head_id_1629.iff,0B,0x29644800,1040821,True,False
0x0A020A9B,player_head_id_1630.iff,0B,0x29743000,1034360,True,False
0x3762232B,player_head_id_1631.iff,0B,0x29840000,954592,True,False
0x70C259FB,player_head_id_1632.iff,0B,0x29929800,1003590,True,False
0x4DA2704B,player_head_id_1633.iff,0B,0x29A1F000,1006459,True,False
0xC2E285EB,player_head_id_1635.iff,0B,0x29B15000,976006,True,False
0x8542FF3B,player_head_id_1636.iff,0B,0x29C03800,1012292,True,False
0x6DC76943,player_head_id_1642.iff,0B,0x29CFB000,1014646,True,False
0xA527E633,player_head_id_1647.iff,0B,0x29DF3000,1023310,True,False
0x277771E2,player_head_id_1648.iff,0B,0x29EED000,1027035,True,False
0x1D6FE1F8,player_head_id_1663.iff,0B,0x29FE8000,1016096,True,False
0xE8EF4738,player_head_id_1667.iff,0B,0x2A0E0800,990731,True,False
0x9193488D,player_head_id_1670.iff,0B,0x2A1D2800,994422,True,False
0xA1E3034C,player_head_id_1678.iff,0B,0x2A2C5800,1030904,True,False
0x50B5B199,player_head_id_1688.iff,0B,0x2A3C1800,1006966,True,False
0x6DD59829,player_head_id_1689.iff,0B,0x2A4B7800,1014173,True,False
0xD1597A9D,player_head_id_1692.iff,0B,0x2A5AF800,1008430,True,False
0xEC39532D,player_head_id_1693.iff,0B,0x2A6A6000,967000,True,False
0x5E198F3D,player_head_id_1694.iff,0B,0x2A792800,1021281,True,False
0x6379A68D,player_head_id_1695.iff,0B,0x2A88C000,1030344,True,False
0x9BE9623C,player_head_id_1698.iff,0B,0x2A988000,1007477,True,False
0xA6894B8C,player_head_id_1699.iff,0B,0x2AA7E000,1033186,True,False
0x6D410951,player_head_id_1703.iff,0B,0x2AB7A800,1016807,True,False
0xDF61D541,player_head_id_1704.iff,0B,0x2AC73000,1028859,True,False
0xE201FCF1,player_head_id_1705.iff,0B,0x2AD6E800,1011107,True,False
0x98C1AF91,player_head_id_1707.iff,0B,0x2AE65800,1017827,True,False
0x1A913840,player_head_id_1708.iff,0B,0x2AF5E000,1016440,True,False
0xE1BDA024,player_head_id_1710.iff,0B,0x2B056800,1033749,True,False
0x9B7DF344,player_head_id_1712.iff,0B,0x2B153000,1014440,True,False
0xA61DDAF4,player_head_id_1713.iff,0B,0x2B24B000,986986,True,False
0x295D2F54,player_head_id_1715.iff,0B,0x2B33C000,1031085,True,False
0x6EFD5584,player_head_id_1716.iff,0B,0x2B438000,1006739,True,False
0x5A49FB3A,player_head_id_1721.iff,0B,0x2B52E000,1046584,True,False
0x92A9744A,player_head_id_1724.iff,0B,0x2B62E000,1034961,True,False
0xAFC95DFA,player_head_id_1725.iff,0B,0x2B72B000,1029826,True,False
0xD5090E9A,player_head_id_1727.iff,0B,0x2B826800,1053495,True,False
0x5759994B,player_head_id_1728.iff,0B,0x2B928000,903199,True,False
0x64958E5F,player_head_id_1735.iff,0B,0x2BA05000,1030518,True,False
0x1E55DD3F,player_head_id_1737.iff,0B,0x2BB01000,1029612,True,False
0x0350ED87,player_head_id_1747.iff,0B,0x2BBFC800,1051246,True,False
0x00ECB152,player_head_id_1752.iff,0B,0x2BCFD800,1012693,True,False
0xBB18EA4C,player_head_id_1763.iff,0B,0x2BDF5000,1005749,True,False
0x0938365C,player_head_id_1764.iff,0B,0x2BEEB000,1038235,True,False
0x34581FEC,player_head_id_1765.iff,0B,0x2BFE8800,1022665,True,False
0x73F8653C,player_head_id_1766.iff,0B,0x2C0E2800,1045913,True,False
0xB8A4B699,player_head_id_1776.iff,0B,0x2C1E2000,1033300,True,False
0x3AF42148,player_head_id_1779.iff,0B,0x2C2DE800,1016436,True,False
0xC6B2F1EC,player_head_id_1780.iff,0B,0x2C3D7000,1017798,True,False
0xFBD2D85C,player_head_id_1781.iff,0B,0x2C4CF800,1018811,True,False
0xBC72A28C,player_head_id_1782.iff,0B,0x2C5C8800,1033135,True,False
0x3D9E6988,player_head_id_1798.iff,0B,0x2C6C5000,1041364,True,False
0x17F5D0CD,player_head_id_1810.iff,0B,0x2C7C3800,1038876,True,False
0x2A95F97D,player_head_id_1811.iff,0B,0x2C8C1800,1014515,True,False
0xD6C1D8B3,player_head_id_1823.iff,0B,0x2C9B9800,1002342,True,False
0x59812D13,player_head_id_1825.iff,0B,0x2CAAE800,923840,True,False
0xF6A4C1BB,player_head_id_1852.iff,0B,0x2CB90800,1008887,True,False
0xCBC4E80B,player_head_id_1853.iff,0B,0x2CC87000,1026039,True,False
0x79E4341B,player_head_id_1854.iff,0B,0x2CD81800,1015993,True,False
0x44841DAB,player_head_id_1855.iff,0B,0x2CE7A000,1043595,True,False
0x0324677B,player_head_id_1856.iff,0B,0x2CF79000,1022882,True,False
0x0AF0E075,player_head_id_1860.iff,0B,0x2D073000,1022228,True,False
0xB8D03C65,player_head_id_1867.iff,0B,0x2D16D000,985667,True,False
0x3A80ABB4,player_head_id_1868.iff,0B,0x2D25E000,1023301,True,False
0x07E08204,player_head_id_1869.iff,0B,0x2D358000,1010124,True,False
0xFCCC1A60,player_head_id_1871.iff,0B,0x2D44F000,1009845,True,False
0x860C4900,player_head_id_1873.iff,0B,0x2D546000,1035990,True,False
0x094CBCA0,player_head_id_1875.iff,0B,0x2D643000,1000476,True,False
0x738CEFC0,player_head_id_1877.iff,0B,0x2D737800,1014822,True,False
0xF81A0E75,player_head_id_1885.iff,0B,0x2D82F800,1052293,True,False
0x82DA5D15,player_head_id_1887.iff,0B,0x2D930800,1014258,True,False
0x0A768067,player_head_id_1921.iff,0B,0x2DA28800,978456,True,False
0xC6261004,player_head_id_2208.iff,0B,0x2DB17800,1032693,True,False
0xFB4639B4,player_head_id_2209.iff,0B,0x2DC14000,1017296,True,False
0x006AA1D0,player_head_id_2211.iff,0B,0x2DD0C800,1007958,True,False
0x70C2296B,player_head_id_2230.iff,0B,0x2DE03000,1039559,True,False
0xB822A61B,player_head_id_2235.iff,0B,0x2DF01000,1007139,True,False
0x5DB75212,player_head_id_2248.iff,0B,0x2DFF7000,1035484,True,False
0x531B6CB6,player_head_id_2254.iff,0B,0x2E0F4000,1015779,True,False
0x96EB81B7,player_head_id_2258.iff,0B,0x2E1EC000,1021275,True,False
0xD58F1E18,player_head_id_2264.iff,0B,0x2E2E5800,1038470,True,False
0xEB536B7D,player_head_id_2270.iff,0B,0x2E3E3800,1027506,True,False
0xACF311AD,player_head_id_2273.iff,0B,0x2E4DE800,1042993,True,False
0x5DA5A378,player_head_id_2283.iff,0B,0x2E5DD800,981166,True,False
0xD2E556D8,player_head_id_2285.iff,0B,0x2E6CD800,1029548,True,False
0x95452C08,player_head_id_2286.iff,0B,0x2E7C9000,1041800,True,False
0x19B9857D,player_head_id_2295.iff,0B,0x2E8C7800,1029822,True,False
0x50215071,player_head_id_2300.iff,0B,0x2E9C3000,989299,True,False
0x6D4179C1,player_head_id_2301.iff,0B,0x2EAB5000,1019545,True,False
0x2AE10311,player_head_id_2302.iff,0B,0x2EBAE000,1041607,True,False
0xA5A1F6B1,player_head_id_2304.iff,0B,0x2ECAC800,1036730,True,False
0x98C1DF01,player_head_id_2305.iff,0B,0x2EDAA000,1029058,True,False
0xE2018C61,player_head_id_2307.iff,0B,0x2EEA5800,1010009,True,False
0xB1704107,player_head_id_2342.iff,0B,0x2EF9C800,1041649,True,False
0xB2CC1DD2,player_head_id_2357.iff,0B,0x2F09B000,1029932,True,False
0x309C8A03,player_head_id_2358.iff,0B,0x2F196800,1047871,True,False
0x0DFCA3B3,player_head_id_2359.iff,0B,0x2F296800,1050374,True,False
0x73F815AC,player_head_id_2364.iff,0B,0x2F397000,999880,True,False
0x4E983C1C,player_head_id_2365.iff,0B,0x2F48B800,1008034,True,False
0x900363C2,player_head_id_3001.iff,0B,0x2F582000,1025757,True,False
0xEAC330A2,player_head_id_3003.iff,0B,0x2F67C800,1026310,True,False
0x1F439662,player_head_id_3007.iff,0B,0x2F777800,1012120,True,False
0xAEDF16A7,player_head_id_3015.iff,0B,0x2F86F000,1012106,True,False
0xE97F6C77,player_head_id_3016.iff,0B,0x2F966800,1024178,True,False
0xD41F45C7,player_head_id_3017.iff,0B,0x2FA61000,973660,True,False
0xA70B91A9,player_head_id_3023.iff,0B,0x2FB4F000,1015304,True,False
0x528B3769,player_head_id_3027.iff,0B,0x2FC47000,1004568,True,False
0x51376BBC,player_head_id_3032.iff,0B,0x2FD3C800,1030072,True,False
0x1B87731D,player_head_id_3038.iff,0B,0x2FE38000,1010602,True,False
0x36F20864,player_head_id_3040.iff,0B,0x2FF2F000,1005103,True,False
0xBF79A7E2,player_head_id_4206.iff,0B,0x30024800,1030207,True,False
0x3F5AEE35,player_head_id_4618.iff,0B,0x30120800,999047,True,False
0xC738C06A,player_head_id_4845.iff,0B,0x30214800,1019414,True,False
0xEE246D8E,player_head_id_5025.iff,0B,0x3030D800,995130,True,False
0x68367F32,player_head_id_5154.iff,0B,0x30400800,1005327,True,False
0x97DE0229,player_head_id_5173.iff,0B,0x304F6000,1028378,True,False
0xA50C2473,player_head_id_5327.iff,0B,0x305F1800,977161,True,False
0x499CE4E9,player_head_id_5521.iff,0B,0x306E0800,1014581,True,False
0x08DC76CF,player_head_id_5600.iff,0B,0x307D8800,1006114,True,False
0x721C25AF,player_head_id_5602.iff,0B,0x308CE800,986046,True,False
0x879C836F,player_head_id_5606.iff,0B,0x309BF800,1039516,True,False
0xBAFCAADF,player_head_id_5607.iff,0B,0x30ABD800,1001682,True,False
0x05CC14BE,player_head_id_5609.iff,0B,0x30BB2800,1025166,True,False
0x75649C05,player_head_id_5628.iff,0B,0x30CAD000,1027265,True,False
0x8E480461,player_head_id_5630.iff,0B,0x30DA8000,1043444,True,False
0x0108F1C1,player_head_id_5636.iff,0B,0x30EA7000,996049,True,False
0xD4ED4E09,player_head_id_5643.iff,0B,0x30F9A800,1026627,True,False
0xE99F96D3,player_head_id_5689.iff,0B,0x31095800,1012095,True,False
0xD8E36DA6,player_head_id_6001.iff,0B,0x3118D000,1032344,True,False
0x9F431776,player_head_id_6002.iff,0B,0x31289800,1041701,True,False
0xA2233EC6,player_head_id_6003.iff,0B,0x31388000,1065293,True,False
0x1003E2D6,player_head_id_6004.iff,0B,0x3148C800,1019920,True,False
0x2D63CB66,player_head_id_6005.iff,0B,0x31586000,1051172,True,False
0x6AC3B1B6,player_head_id_6006.iff,0B,0x31687000,1027946,True,False
0x57A39806,player_head_id_6007.iff,0B,0x31782000,1012964,True,False
0xD5F30FD7,player_head_id_6008.iff,0B,0x31879800,990283,True,False
0xE8932667,player_head_id_6009.iff,0B,0x3196B800,970765,True,False
0x2EDF97B3,player_head_id_6010.iff,0B,0x31A59000,1055530,True,False
0x13BFBE03,player_head_id_6011.iff,0B,0x31B5B000,1037249,True,False
0x541FC4D3,player_head_id_6012.iff,0B,0x31C58800,1029629,True,False
0x697FED63,player_head_id_6013.iff,0B,0x31D54000,1027595,True,False
0xDB5F3173,player_head_id_6014.iff,0B,0x31E4F000,1040558,True,False
0xE63F18C3,player_head_id_6015.iff,0B,0x31F4D800,1028398,True,False
0xA19F6213,player_head_id_6016.iff,0B,0x32049000,1028179,True,False
0x9CFF4BA3,player_head_id_6017.iff,0B,0x32144800,1026387,True,False
0x1EAFDC72,player_head_id_6018.iff,0B,0x3223F800,1024960,True,False
0x23CFF5C2,player_head_id_6019.iff,0B,0x3233A000,1034406,True,False
0xA84BE51D,player_head_id_6020.iff,0B,0x32437000,1044962,True,False
0x952BCCAD,player_head_id_6021.iff,0B,0x32536800,957027,True,False
0xD28BB67D,player_head_id_6022.iff,0B,0x32620800,1033981,True,False
0xEFEB9FCD,player_head_id_6023.iff,0B,0x3271D000,1030194,True,False
0x5DCB43DD,player_head_id_6024.iff,0B,0x32819000,1044774,True,False
0x270B10BD,player_head_id_6026.iff,0B,0x32918800,991991,True,False
0x1A6B390D,player_head_id_6027.iff,0B,0x32A0B000,1029375,True,False
0x983BAEDC,player_head_id_6028.iff,0B,0x32B06800,1035617,True,False
0xA55B876C,player_head_id_6029.iff,0B,0x32C03800,1039809,True,False
0x631736B8,player_head_id_6030.iff,0B,0x32D01800,1049208,True,False
0x5E771F08,player_head_id_6031.iff,0B,0x32E02000,1025094,True,False
0x53677D79,player_head_id_6038.iff,0B,0x32EFC800,1033761,True,False
0xF0095624,player_head_id_8000.iff,0B,0x1BBF8800,879027,True,False
0xCD697F94,player_head_id_8001.iff,0B,0x1BCCF800,814739,True,False
0x8AC90544,player_head_id_8002.iff,0B,0x1BD96800,837097,True,False
0xB7A92CF4,player_head_id_8003.iff,0B,0x1BE63000,811273,True,False
0x0589F0E4,player_head_id_8004.iff,0B,0x1BF29800,938570,True,False
0x38E9D954,player_head_id_8005.iff,0B,0x1C00F000,902728,True,False
0x7F49A384,player_head_id_8006.iff,0B,0x1C0EB800,1006486,True,False
0x42298A34,player_head_id_8007.iff,0B,0x1C1E1800,887451,True,False
0xA2317983,player_head_id_8500.iff,0B,0x32FF9000,1017726,True,False
0x9F515033,player_head_id_8501.iff,0B,0x330F1800,1001344,True,False
0xD8F12AE3,player_head_id_8502.iff,0B,0x331E6000,1035945,True,False
0xE5910353,player_head_id_8503.iff,0B,0x332E3000,1029813,True,False
0x57B1DF43,player_head_id_8504.iff,0B,0x333DE800,1044689,True,False
0x6AD1F6F3,player_head_id_8505.iff,0B,0x334DE000,993718,True,False
0x2D718C23,player_head_id_8506.iff,0B,0x335D1000,1012562,True,False
0x1011A593,player_head_id_8507.iff,0B,0x336C8800,901760,True,False
0x92413242,player_head_id_8508.iff,0B,0x337A5000,910794,True,False
0xAF211BF2,player_head_id_8509.iff,0B,0x33883800,910898,True,False
0x696DAA26,player_head_id_8510.iff,0B,0x33962000,1063505,True,False
0x540D8396,player_head_id_8511.iff,0B,0x33A66000,1021166,True,False
0x13ADF946,player_head_id_8512.iff,0B,0x33B5F800,1032140,True,False
0x2ECDD0F6,player_head_id_8513.iff,0B,0x33C5B800,1004531,True,False
0x9CED0CE6,player_head_id_8514.iff,0B,0x33D51000,1038375,True,False
0xA18D2556,player_head_id_8515.iff,0B,0x33E4F000,947369,True,False
0xE62D5F86,player_head_id_8516.iff,0B,0x33F36800,969676,True,False
0xDB4D7636,player_head_id_8517.iff,0B,0x34023800,985952,True,False
0x591DE1E7,player_head_id_8518.iff,0B,0x34114800,928252,True,False
0x647DC857,player_head_id_8519.iff,0B,0x341F7800,928114,True,False
0xEFF9D888,player_head_id_8520.iff,0B,0x342DA800,1000037,True,False
0xD299F138,player_head_id_8521.iff,0B,0x343CF000,1000039,True,False
0x95398BE8,player_head_id_8522.iff,0B,0x344C3800,993104,True,False
0xA859A258,player_head_id_8523.iff,0B,0x345B6000,1020055,True,False
0x1A797E48,player_head_id_8524.iff,0B,0x346AF800,1053376,True,False
0x271957F8,player_head_id_8525.iff,0B,0x347B1000,1019610,True,False
0x60B92D28,player_head_id_8526.iff,0B,0x348AA000,1009923,True,False
0x5DD90498,player_head_id_8527.iff,0B,0x349A1000,1010742,True,False
0xDF899349,player_head_id_8528.iff,0B,0x34A98000,971785,True,False
0xE2E9BAF9,player_head_id_8529.iff,0B,0x34B85800,971651,True,False
0x24A50B2D,player_head_id_8530.iff,0B,0x34C73000,1025399,True,False
0x19C5229D,player_head_id_8531.iff,0B,0x34D6D800,1021499,True,False
0x5E65584D,player_head_id_8532.iff,0B,0x34E67000,982159,True,False
0x630571FD,player_head_id_8533.iff,0B,0x34F57000,985623,True,False
0xD125ADED,player_head_id_8534.iff,0B,0x35048000,1026193,True,False
0xEC45845D,player_head_id_8535.iff,0B,0x35143000,1024778,True,False
0xABE5FE8D,player_head_id_8536.iff,0B,0x3523D800,1014377,True,False
0x9685D73D,player_head_id_8537.iff,0B,0x35335800,967692,True,False
0x14D540EC,player_head_id_8538.iff,0B,0x35422000,899469,True,False
0x29B5695C,player_head_id_8539.iff,0B,0x354FE000,899468,True,False
0x39A03B95,player_head_id_8540.iff,0B,0x355DA000,979106,True,False
0x04C01225,player_head_id_8541.iff,0B,0x356C9800,981310,True,False
0x436068F5,player_head_id_8542.iff,0B,0x357B9800,1038416,True,False
0x7E004145,player_head_id_8543.iff,0B,0x358B7800,1018872,True,False
0xCC209D55,player_head_id_8544.iff,0B,0x359B0800,1020107,True,False
0xF140B4E5,player_head_id_8545.iff,0B,0x35AAA000,1019804,True,False
0xB6E0CE35,player_head_id_8546.iff,0B,0x35BA3000,1066195,True,False
0x8B80E785,player_head_id_8547.iff,0B,0x35CA7800,1022735,True,False
0x09D07054,player_head_id_8548.iff,0B,0x35DA1800,1021490,True,False
0x34B059E4,player_head_id_8549.iff,0B,0x35E9B000,961147,True,False
0xF2FCE830,player_head_id_8550.iff,0B,0x35F86000,1040885,True,False
0xCF9CC180,player_head_id_8551.iff,0B,0x36084800,1005108,True,False
0x883CBB50,player_head_id_8552.iff,0B,0x3617A000,1043068,True,False
0xB55C92E0,player_head_id_8553.iff,0B,0x36279000,1028476,True,False
0x077C4EF0,player_head_id_8554.iff,0B,0x36374800,1039126,True,False
0x3A1C6740,player_head_id_8555.iff,0B,0x36472800,956568,True,False
0x7DBC1D90,player_head_id_8556.iff,0B,0x3655C800,1010908,True,False
0x40DC3420,player_head_id_8557.iff,0B,0x36653800,999235,True,False
0xC28CA3F1,player_head_id_8558.iff,0B,0x36747800,875471,True,False
0xFFEC8A41,player_head_id_8559.iff,0B,0x3681D800,875470,True,False
0xDA494618,playercreate.iff,0B,0x375B9000,142476,True,False
0x86C0EDF8,portrait.iff,0A,0x100F800,65162,False,True
0xE2A56879,rink_ana.iff,0A,0x15210000,13861244,True,False
0xB8788D35,rink_atl.iff,0A,0x15F48800,13865891,True,False
0x023165A3,rink_bos.iff,0A,0x16C82000,14275784,True,False
0x087C5CAC,rink_buf.iff,0A,0x17A1F800,14275818,True,False
0xA32C26D7,rink_car.iff,0A,0x187BD000,14297593,True,False
0x7528883A,rink_cbj.iff,0A,0x19560000,13877334,True,False
0x02A5F4DB,rink_cgy.iff,0A,0x1A29C800,14276125,True,False
0x9313D18C,rink_chi.iff,0A,0x1B03A000,13899118,True,False
0x46F66E44,rink_col.iff,0A,0x1BD7B800,13860535,True,False
0xB95B31BA,rink_dal.iff,0A,0x1F275000,14284996,True,False
0x725AAFEF,rink_det.iff,0A,0x20015000,14254653,True,False
0x7281820D,rink_edm.iff,0A,0x20DAD800,14270901,True,False
0x6ACAF7FC,rink_fla.iff,0A,0x21B4A000,14321037,True,False
0x3894A3CD,rink_lak.iff,0A,0x23621000,14275903,True,False
0xBA50A564,rink_min.iff,0A,0x243BE800,13943039,True,False
0x7FD8E741,rink_mtl.iff,0A,0x25A90800,14284445,True,False
0x479CD5F6,rink_njd.iff,0A,0x26830000,14275878,True,False
0xA6B56BA4,rink_nsh.iff,0A,0x275CD800,13888426,True,False
0x3A4E6172,rink_nyi.iff,0A,0x2830C800,13865973,True,False
0x2D7EC7E1,rink_nyr.iff,0A,0x29046000,14268822,True,False
0xB8D72A2B,rink_ott.iff,0A,0x29DE2000,14342393,True,False
0xC52557DF,rink_phi.iff,0A,0x2AB90000,14275834,True,False
0x4A65A27F,rink_pho.iff,0A,0x2B92D800,14274440,True,False
0x9609D749,rink_pit.iff,0A,0x2C6CA800,13856430,True,False
0x9355636A,rink_sjs.iff,0A,0x2DAB0000,14306177,True,False
0x483900D2,rink_stl.iff,0A,0x2EF03800,14275943,True,False
0x5811DFDA,rink_tbl.iff,0A,0x2FCA1000,14265894,True,False
0x3B5FE5E7,rink_tor.iff,0A,0x30A3C000,14267307,True,False
0x33DAEF3D,rink_van.iff,0A,0x317D7800,13899105,True,False
0x54F3B2B9,rink_wsh.iff,0A,0x3420D800,14275838,True,False
0x480FAE44,roster.iff,0A,0x3AFE000,809726,False,True
0x702A2F29,sfx_arena.iff,0B,0x36948800,280,False,True
0xE199C410,skillcompetition.iff,0B,0x3692A000,121919,True,False
0x442060AA,snapshot_goal_lefty1.iff,0B,0x377DF000,1316,False,True
0x0987C0DA,snapshot_goal_lefty10.iff,0B,0x377DF800,1229,False,True
0x34E7E96A,snapshot_goal_lefty11.iff,0B,0x377E0000,1225,False,True
0x734793BA,snapshot_goal_lefty12.iff,0B,0x377E0800,1275,False,True
0x4E27BA0A,snapshot_goal_lefty13.iff,0B,0x377E1000,1145,False,True
0xFC07661A,snapshot_goal_lefty14.iff,0B,0x377E1800,1144,False,True
0xC1674FAA,snapshot_goal_lefty15.iff,0B,0x377E2000,1156,False,True
0x86C7357A,snapshot_goal_lefty16.iff,0B,0x377E2800,1148,False,True
0xBBA71CCA,snapshot_goal_lefty17.iff,0B,0x377E3000,1138,False,True
0x39F78B1B,snapshot_goal_lefty18.iff,0B,0x377E3800,1141,False,True
0x0497A2AB,snapshot_goal_lefty19.iff,0B,0x377E4000,1155,False,True
0x03801A7A,snapshot_goal_lefty2.iff,0B,0x377E4800,1153,False,True
0x8F13B274,snapshot_goal_lefty20.iff,0B,0x377E5000,1153,False,True
0xB2739BC4,snapshot_goal_lefty21.iff,0B,0x377E5800,1141,False,True
0xF5D3E114,snapshot_goal_lefty22.iff,0B,0x377E6000,1167,False,True
0xC8B3C8A4,snapshot_goal_lefty23.iff,0B,0x377E6800,1136,False,True
0x7A9314B4,snapshot_goal_lefty24.iff,0B,0x377E7000,1144,False,True
0x47F33D04,snapshot_goal_lefty25.iff,0B,0x377E7800,1114,False,True
0x005347D4,snapshot_goal_lefty26.iff,0B,0x377E8000,1152,False,True
0x3D336E64,snapshot_goal_lefty27.iff,0B,0x377E8800,1160,False,True
0xBF63F9B5,snapshot_goal_lefty28.iff,0B,0x377E9000,1166,False,True
0x8203D005,snapshot_goal_lefty29.iff,0B,0x377E9800,1167,False,True
0x3EE033CA,snapshot_goal_lefty3.iff,0B,0x377EA000,1259,False,True
0x444F61D1,snapshot_goal_lefty30.iff,0B,0x377EA800,1175,False,True
0x792F4861,snapshot_goal_lefty31.iff,0B,0x377EB000,1175,False,True
0x3E8F32B1,snapshot_goal_lefty32.iff,0B,0x377EB800,1256,False,True
0x03EF1B01,snapshot_goal_lefty33.iff,0B,0x377EC000,1185,False,True
0xB1CFC711,snapshot_goal_lefty34.iff,0B,0x377EC800,1176,False,True
0x8CAFEEA1,snapshot_goal_lefty35.iff,0B,0x377ED000,1148,False,True
0xCB0F9471,snapshot_goal_lefty36.iff,0B,0x377ED800,1137,False,True
0xF66FBDC1,snapshot_goal_lefty37.iff,0B,0x377EE000,1176,False,True
0x743F2A10,snapshot_goal_lefty38.iff,0B,0x377EE800,1140,False,True
0x495F03A0,snapshot_goal_lefty39.iff,0B,0x377EF000,1155,False,True
0x8CC0EFDA,snapshot_goal_lefty4.iff,0B,0x377EF800,1144,False,True
0x594A5169,snapshot_goal_lefty40.iff,0B,0x377F0000,1187,False,True
0x642A78D9,snapshot_goal_lefty41.iff,0B,0x377F0800,1143,False,True
0x238A0209,snapshot_goal_lefty42.iff,0B,0x377F1000,1141,False,True
0x1EEA2BB9,snapshot_goal_lefty43.iff,0B,0x377F1800,1271,False,True
0xACCAF7A9,snapshot_goal_lefty44.iff,0B,0x377F2000,1196,False,True
0x91AADE19,snapshot_goal_lefty45.iff,0B,0x377F2800,1188,False,True
0xD60AA4C9,snapshot_goal_lefty46.iff,0B,0x377F3000,1161,False,True
0xEB6A8D79,snapshot_goal_lefty47.iff,0B,0x377F3800,1146,False,True
0x693A1AA8,snapshot_goal_lefty48.iff,0B,0x377F4000,1272,False,True
0x545A3318,snapshot_goal_lefty49.iff,0B,0x377F4800,1133,False,True
0xB1A0C66A,snapshot_goal_lefty5.iff,0B,0x377F5000,1217,False,True
0x921682CC,snapshot_goal_lefty50.iff,0B,0x377F5800,1155,False,True
0xAF76AB7C,snapshot_goal_lefty51.iff,0B,0x377F6000,1152,False,True
0xE8D6D1AC,snapshot_goal_lefty52.iff,0B,0x377F6800,1134,False,True
0xD5B6F81C,snapshot_goal_lefty53.iff,0B,0x377F7000,1204,False,True
0x6796240C,snapshot_goal_lefty54.iff,0B,0x377F7800,1209,False,True
0x5AF60DBC,snapshot_goal_lefty55.iff,0B,0x377F8000,1126,False,True
0x1D56776C,snapshot_goal_lefty56.iff,0B,0x377F8800,1141,False,True
0x20365EDC,snapshot_goal_lefty57.iff,0B,0x377F9000,1229,False,True
0xA266C90D,snapshot_goal_lefty58.iff,0B,0x377F9800,1143,False,True
0x9F06E0BD,snapshot_goal_lefty59.iff,0B,0x377FA000,1181,False,True
0xF600BCBA,snapshot_goal_lefty6.iff,0B,0x377FA800,1213,False,True
0xCB60950A,snapshot_goal_lefty7.iff,0B,0x37800000,1140,False,True
0x493002DB,snapshot_goal_lefty8.iff,0B,0x37801000,1156,False,True
0x74502B6B,snapshot_goal_lefty9.iff,0B,0x37801800,1111,False,True
0x6B443AF9,snapshot_goal_righty1.iff,0B,0x37802000,1274,False,True
0xFBCAA4CE,snapshot_goal_righty10.iff,0B,0x37802800,1140,False,True
0xC6AA8D7E,snapshot_goal_righty11.iff,0B,0x37803000,1225,False,True
0x810AF7AE,snapshot_goal_righty12.iff,0B,0x37803800,1275,False,True
0xBC6ADE1E,snapshot_goal_righty13.iff,0B,0x37804000,1145,False,True
0x0E4A020E,snapshot_goal_righty14.iff,0B,0x37804800,1144,False,True
0x332A2BBE,snapshot_goal_righty15.iff,0B,0x37805000,1156,False,True
0x748A516E,snapshot_goal_righty16.iff,0B,0x37805800,1148,False,True
0x49EA78DE,snapshot_goal_righty17.iff,0B,0x37806000,1138,False,True
0xCBBAEF0F,snapshot_goal_righty18.iff,0B,0x37806800,1141,False,True
0xF6DAC6BF,snapshot_goal_righty19.iff,0B,0x37807000,1155,False,True
0x2CE44029,snapshot_goal_righty2.iff,0B,0x37807800,1288,False,True
0x7D5ED660,snapshot_goal_righty20.iff,0B,0x37808000,1153,False,True
0x403EFFD0,snapshot_goal_righty21.iff,0B,0x37808800,1141,False,True
0x079E8500,snapshot_goal_righty22.iff,0B,0x37809000,1167,False,True
0x3AFEACB0,snapshot_goal_righty23.iff,0B,0x37809800,1136,False,True
0x88DE70A0,snapshot_goal_righty24.iff,0B,0x3780A000,1144,False,True
0xB5BE5910,snapshot_goal_righty25.iff,0B,0x3780A800,1114,False,True
0xF21E23C0,snapshot_goal_righty26.iff,0B,0x3780B000,1152,False,True
0xCF7E0A70,snapshot_goal_righty27.iff,0B,0x3780B800,1143,False,True
0x4D2E9DA1,snapshot_goal_righty28.iff,0B,0x3780C000,1176,False,True
0x704EB411,snapshot_goal_righty29.iff,0B,0x3780C800,1167,False,True
0x11846999,snapshot_goal_righty3.iff,0B,0x3780D000,1144,False,True
0xB60205C5,snapshot_goal_righty30.iff,0B,0x3780D800,1185,False,True
0x8B622C75,snapshot_goal_righty31.iff,0B,0x3780E000,1175,False,True
0xCCC256A5,snapshot_goal_righty32.iff,0B,0x3780E800,1137,False,True
0xF1A27F15,snapshot_goal_righty33.iff,0B,0x3780F000,1187,False,True
0x4382A305,snapshot_goal_righty34.iff,0B,0x3780F800,1155,False,True
0x7EE28AB5,snapshot_goal_righty35.iff,0B,0x37810000,1160,False,True
0x3942F065,snapshot_goal_righty36.iff,0B,0x37810800,1166,False,True
0x0422D9D5,snapshot_goal_righty37.iff,0B,0x37811000,1176,False,True
0x86724E04,snapshot_goal_righty38.iff,0B,0x37811800,1148,False,True
0xBB1267B4,snapshot_goal_righty39.iff,0B,0x37812000,1141,False,True
0xA3A4B589,snapshot_goal_righty4.iff,0B,0x37812800,1229,False,True
0xAB07357D,snapshot_goal_righty40.iff,0B,0x37813000,1175,False,True
0x96671CCD,snapshot_goal_righty41.iff,0B,0x37813800,1140,False,True
0xD1C7661D,snapshot_goal_righty42.iff,0B,0x37814000,1133,False,True
0xECA74FAD,snapshot_goal_righty43.iff,0B,0x37814800,1161,False,True
0x5E8793BD,snapshot_goal_righty44.iff,0B,0x37815000,1188,False,True
0x63E7BA0D,snapshot_goal_righty45.iff,0B,0x37815800,1196,False,True
0x2447C0DD,snapshot_goal_righty46.iff,0B,0x37816000,1146,False,True
0x1927E96D,snapshot_goal_righty47.iff,0B,0x37816800,1155,False,True
0x9B777EBC,snapshot_goal_righty48.iff,0B,0x37817000,1152,False,True
0xA617570C,snapshot_goal_righty49.iff,0B,0x37817800,1134,False,True
0x9EC49C39,snapshot_goal_righty5.iff,0B,0x37818000,1217,False,True
0x605BE6D8,snapshot_goal_righty50.iff,0B,0x37818800,1204,False,True
0x5D3BCF68,snapshot_goal_righty51.iff,0B,0x37819000,1209,False,True
0x1A9BB5B8,snapshot_goal_righty52.iff,0B,0x37819800,1126,False,True
0x27FB9C08,snapshot_goal_righty53.iff,0B,0x3781A000,1141,False,True
0x95DB4018,snapshot_goal_righty54.iff,0B,0x3781A800,1242,False,True
0xA8BB69A8,snapshot_goal_righty55.iff,0B,0x3781B000,1229,False,True
0xEF1B1378,snapshot_goal_righty56.iff,0B,0x3781B800,1143,False,True
0xD27B3AC8,snapshot_goal_righty57.iff,0B,0x3781C000,1236,False,True
0x502BAD19,snapshot_goal_righty58.iff,0B,0x3781C800,1181,False,True
0x6D4B84A9,snapshot_goal_righty59.iff,0B,0x3781D000,1148,False,True
0xD964E6E9,snapshot_goal_righty6.iff,0B,0x3781D800,1213,False,True
0xE404CF59,snapshot_goal_righty7.iff,0B,0x37823000,1153,False,True
0x66545888,snapshot_goal_righty8.iff,0B,0x37826800,1156,False,True
0x5B347138,snapshot_goal_righty9.iff,0B,0x37827000,1111,False,True
0x15785515,snapshot_save_lefty1.iff,0B,0x37827800,1274,False,True
0x520836F2,snapshot_save_lefty10.iff,0B,0x37828000,1312,False,True
0x6F681F42,snapshot_save_lefty11.iff,0B,0x37828800,1219,False,True
0x28C86592,snapshot_save_lefty12.iff,0B,0x37829000,1284,False,True
0x15A84C22,snapshot_save_lefty13.iff,0B,0x37829800,1248,False,True
0xA7889032,snapshot_save_lefty14.iff,0B,0x3782A000,1295,False,True
0x9AE8B982,snapshot_save_lefty15.iff,0B,0x3782A800,1163,False,True
0xDD48C352,snapshot_save_lefty16.iff,0B,0x3782B000,1291,False,True
0xE028EAE2,snapshot_save_lefty17.iff,0B,0x3782B800,1293,False,True
0x62787D33,snapshot_save_lefty18.iff,0B,0x3782C000,1283,False,True
0x5F185483,snapshot_save_lefty19.iff,0B,0x3782C800,1256,False,True
0x52D82FC5,snapshot_save_lefty2.iff,0B,0x3782D000,1317,False,True
0xD49C445C,snapshot_save_lefty20.iff,0B,0x3782D800,1287,False,True
0xE9FC6DEC,snapshot_save_lefty21.iff,0B,0x3782E000,1298,False,True
0xAE5C173C,snapshot_save_lefty22.iff,0B,0x3782E800,1256,False,True
0x933C3E8C,snapshot_save_lefty23.iff,0B,0x3782F000,1263,False,True
0x211CE29C,snapshot_save_lefty24.iff,0B,0x3782F800,1275,False,True
0x1C7CCB2C,snapshot_save_lefty25.iff,0B,0x37830000,1269,False,True
0x5BDCB1FC,snapshot_save_lefty26.iff,0B,0x37830800,1301,False,True
0x66BC984C,snapshot_save_lefty27.iff,0B,0x37831000,1241,False,True
0xE4EC0F9D,snapshot_save_lefty28.iff,0B,0x37831800,1271,False,True
0xD98C262D,snapshot_save_lefty29.iff,0B,0x37832000,1282,False,True
0x6FB80675,snapshot_save_lefty3.iff,0B,0x37832800,1303,False,True
0x1FC097F9,snapshot_save_lefty30.iff,0B,0x37833000,1257,False,True
0x22A0BE49,snapshot_save_lefty31.iff,0B,0x37833800,1227,False,True
0x6500C499,snapshot_save_lefty32.iff,0B,0x37834000,1245,False,True
0x5860ED29,snapshot_save_lefty33.iff,0B,0x37834800,1260,False,True
0xEA403139,snapshot_save_lefty34.iff,0B,0x37835000,1273,False,True
0xD7201889,snapshot_save_lefty35.iff,0B,0x37835800,1296,False,True
0x90806259,snapshot_save_lefty36.iff,0B,0x37836000,1301,False,True
0xADE04BE9,snapshot_save_lefty37.iff,0B,0x37836800,1295,False,True
0x2FB0DC38,snapshot_save_lefty38.iff,0B,0x37837000,1243,False,True
0x12D0F588,snapshot_save_lefty39.iff,0B,0x37837800,1268,False,True
0xDD98DA65,snapshot_save_lefty4.iff,0B,0x37838000,1311,False,True
0x02C5A741,snapshot_save_lefty40.iff,0B,0x37838800,1289,False,True
0x3FA58EF1,snapshot_save_lefty41.iff,0B,0x37839000,1315,False,True
0x7805F421,snapshot_save_lefty42.iff,0B,0x37839800,1292,False,True
0x4565DD91,snapshot_save_lefty43.iff,0B,0x3783A000,1263,False,True
0xF7450181,snapshot_save_lefty44.iff,0B,0x3783A800,1276,False,True
0xCA252831,snapshot_save_lefty45.iff,0B,0x3783B000,1287,False,True
0x8D8552E1,snapshot_save_lefty46.iff,0B,0x3783B800,1286,False,True
0xB0E57B51,snapshot_save_lefty47.iff,0B,0x3783C000,1278,False,True
0x32B5EC80,snapshot_save_lefty48.iff,0B,0x3783C800,1304,False,True
0x0FD5C530,snapshot_save_lefty49.iff,0B,0x3783D000,1273,False,True
0xE0F8F3D5,snapshot_save_lefty5.iff,0B,0x3783D800,1310,False,True
0xC99974E4,snapshot_save_lefty50.iff,0B,0x3783E000,1282,False,True
0xF4F95D54,snapshot_save_lefty51.iff,0B,0x3783E800,1304,False,True
0xB3592784,snapshot_save_lefty52.iff,0B,0x3783F000,1215,False,True
0x8E390E34,snapshot_save_lefty53.iff,0B,0x3783F800,1284,False,True
0x3C19D224,snapshot_save_lefty54.iff,0B,0x37840000,1257,False,True
0x0179FB94,snapshot_save_lefty55.iff,0B,0x37840800,1258,False,True
0x46D98144,snapshot_save_lefty56.iff,0B,0x37841000,1248,False,True
0x7BB9A8F4,snapshot_save_lefty57.iff,0B,0x37841800,1248,False,True
0xF9E93F25,snapshot_save_lefty58.iff,0B,0x37842000,1241,False,True
0xC4891695,snapshot_save_lefty59.iff,0B,0x37842800,1294,False,True
0xA7588905,snapshot_save_lefty6.iff,0B,0x37843000,1294,False,True
0x9A38A0B5,snapshot_save_lefty7.iff,0B,0x37848800,1292,False,True
0x18683764,snapshot_save_lefty8.iff,0B,0x37849800,1312,False,True
0x25081ED4,snapshot_save_lefty9.iff,0B,0x3784A000,1272,False,True
0x30CBCCD1,snapshot_save_righty1.iff,0B,0x3784A800,1320,False,True
0xCE2483C2,snapshot_save_righty10.iff,0B,0x3784B000,1280,False,True
0xF344AA72,snapshot_save_righty11.iff,0B,0x3784B800,1303,False,True
0xB4E4D0A2,snapshot_save_righty12.iff,0B,0x3784C000,1244,False,True
0x8984F912,snapshot_save_righty13.iff,0B,0x3784C800,1284,False,True
0x3BA42502,snapshot_save_righty14.iff,0B,0x3784D000,1287,False,True
0x06C40CB2,snapshot_save_righty15.iff,0B,0x3784D800,1265,False,True
0x41647662,snapshot_save_righty16.iff,0B,0x3784E000,1265,False,True
0x7C045FD2,snapshot_save_righty17.iff,0B,0x3784E800,1240,False,True
0xFE54C803,snapshot_save_righty18.iff,0B,0x3784F000,1244,False,True
0xC334E1B3,snapshot_save_righty19.iff,0B,0x3784F800,1263,False,True
0x776BB601,snapshot_save_righty2.iff,0B,0x37850000,1300,False,True
0x48B0F16C,snapshot_save_righty20.iff,0B,0x37850800,1266,False,True
0x75D0D8DC,snapshot_save_righty21.iff,0B,0x37851000,1242,False,True
0x3270A20C,snapshot_save_righty22.iff,0B,0x37851800,1258,False,True
0x0F108BBC,snapshot_save_righty23.iff,0B,0x37852000,1268,False,True
0xBD3057AC,snapshot_save_righty24.iff,0B,0x37852800,1281,False,True
0x80507E1C,snapshot_save_righty25.iff,0B,0x37853000,1288,False,True
0x4A0B9FB1,snapshot_save_righty3.iff,0B,0x37853800,1289,False,True
0xF82B43A1,snapshot_save_righty4.iff,0B,0x37854000,1320,False,True
0xC54B6A11,snapshot_save_righty5.iff,0B,0x37854800,1296,False,True
0x82EB10C1,snapshot_save_righty6.iff,0B,0x37855000,1283,False,True
0xBF8B3971,snapshot_save_righty7.iff,0B,0x37855800,1299,False,True
0x3DDBAEA0,snapshot_save_righty8.iff,0B,0x37856000,1310,False,True
0x00BB8710,snapshot_save_righty9.iff,0B,0x37856800,1292,False,True
0x80479B46,titlepage.iff,0A,0xF65800,661414,True,False
0x12084DA9,trophyroom.iff,0B,0x378CD000,6460355,True,False
0x6538F66A,tutorial.iff,0B,0x368F3800,222606,True,False
0xFBE08F21,uniform_2k_away.iff,0A,0x38484800,2350988,False,True
0x624CFC5B,uniform_2k_home.iff,0A,0x386C2800,2350930,False,True
0xC9C989F1,uniform_ana_away.iff,0A,0x38900800,1998505,True,False
0x5065FA8B,uniform_ana_home.iff,0A,0x39649800,1997986,True,False
0xF6F94280,uniform_atl_alt.iff,0A,0x39831800,2023297,True,False
0x706E9E0E,uniform_atl_away.iff,0A,0x39A1F800,2174534,True,False
0xE9C2ED74,uniform_atl_home.iff,0A,0x3A033800,2174809,True,False
0x859980D2,uniform_aut_away.iff,0A,0x3A246800,2113266,False,True
0x1C35F3A8,uniform_aut_home.iff,0A,0x3A44A800,2110653,False,True
0x1A093D40,uniform_base_2k_away.iff,0A,0x3A64E000,1499377,False,True
0x83A54E3A,uniform_base_2k_home.iff,0A,0x3A7BC800,1500280,False,True
0xF39D318D,uniform_base_ana_away.iff,0A,0x3A92B000,1554979,True,False
0x6A3142F7,uniform_base_ana_home.iff,0A,0x3B304000,1544799,True,False
0x1710F0E1,uniform_base_atl_alt.iff,0A,0x3B47D800,1520759,True,False
0x4A3A2672,uniform_base_atl_away.iff,0A,0x3B5F1000,1559408,True,False
0xD3965508,uniform_base_atl_home.iff,0A,0x3BA59000,1545226,True,False
0xBFCD38AE,uniform_base_aut_away.iff,0A,0x3BBD2800,1485982,False,True
0x26614BD4,uniform_base_aut_home.iff,0A,0x3BD3D800,1482454,False,True
0x52DCEF89,uniform_base_bel_away.iff,0A,0x3BEA7800,1479889,False,True
0xCB709CF3,uniform_base_bel_home.iff,0A,0x3C011000,1499039,False,True
0x22C5615F,uniform_base_bos_alt.iff,0A,0x3C17F000,1452576,True,False
0x66D66D68,uniform_base_bos_away.iff,0A,0x3C2E2000,1489090,True,False
0xFF7A1E12,uniform_base_bos_home.iff,0A,0x3C721800,1477768,True,False
0xF41E7740,uniform_base_buf_alt.iff,0A,0x3C88A800,1505577,True,False
0xEB08BB8B,uniform_base_buf_away.iff,0A,0x3C9FA800,1593849,True,False
0x72A4C8F1,uniform_base_buf_home.iff,0A,0x3D3CB000,1587706,True,False
0x7D550059,uniform_base_can_away.iff,0A,0x3D6B7800,1465076,False,True
0xE4F97323,uniform_base_can_home.iff,0A,0x3D81D800,1464972,False,True
0xEAF99A6F,uniform_base_car_alt.iff,0A,0x3D983800,1488745,True,False
0x40C7613F,uniform_base_car_away.iff,0A,0x3DAEF000,1503427,True,False
0xD96B1245,uniform_base_car_home.iff,0A,0x3E459800,1502848,True,False
0xED5CC622,uniform_base_cbj_away.iff,0A,0x3E5C8800,1523361,True,False
0x74F0B558,uniform_base_cbj_home.iff,0A,0x3EA1F800,1515868,True,False
0x65B274F5,uniform_base_cgy_alt.iff,0A,0x3EB92000,1455219,True,False
0x5092508B,uniform_base_cgy_away.iff,0A,0x3ECF5800,1612309,True,False
0xC93E23F1,uniform_base_cgy_home.iff,0A,0x3F6CD000,1615153,True,False
0x38796D09,uniform_base_chi_alt.iff,0A,0x3F857800,1467123,True,False
0xE4C425A5,uniform_base_chi_away.iff,0A,0x3F9BE000,1474320,True,False
0x7D6856DF,uniform_base_chi_home.iff,0A,0x40345800,1464768,True,False
0x9032333F,uniform_base_col_alt.iff,0A,0x40612000,1472670,True,False
0x2BD6FB62,uniform_base_col_away.iff,0A,0x4077A000,1549586,True,False
0xB27A8818,uniform_base_col_home.iff,0A,0x41134800,1544806,True,False
0x0862B821,uniform_base_cze_away.iff,0A,0x44B1E000,1485034,False,True
0x91CECB5B,uniform_base_cze_home.iff,0A,0x44C89000,1487432,False,True
0xA7C0160F,uniform_base_dal_alt.iff,0A,0x44DF4800,1463557,True,False
0x0D3839EB,uniform_base_dal_away.iff,0A,0x44F5A000,1463552,True,False
0x94944A91,uniform_base_dal_home.iff,0A,0x458C0000,1445200,True,False
0x89988B75,uniform_base_det_away.iff,0A,0x45A21000,1475455,True,False
0x1034F80F,uniform_base_det_home.iff,0A,0x45E54800,1454028,True,False
0xE5FEB055,uniform_base_dmk_away.iff,0A,0x46122800,1471980,False,True
0x7C52C32F,uniform_base_dmk_home.iff,0A,0x4628A000,1472838,False,True
0x93F4FEA5,uniform_base_eca_alt.iff,0A,0x463F2000,1522213,False,True
0x971C16C8,uniform_base_edm_alt.iff,0A,0x46566000,1480149,True,False
0x0808B2F8,uniform_base_edm_away.iff,0A,0x466CF800,1483225,True,False
0x91A4C182,uniform_base_edm_home.iff,0A,0x46B10800,1483203,True,False
0x5F35960C,uniform_base_fin_away.iff,0A,0x46C7B000,1499638,False,True
0xC699E576,uniform_base_fin_home.iff,0A,0x46DE9800,1489927,False,True
0xFB1DC329,uniform_base_fla_alt.iff,0A,0x46F55800,1467100,True,False
0xDF6961C3,uniform_base_fla_away.iff,0A,0x470BC000,1516850,True,False
0x46C512B9,uniform_base_fla_home.iff,0A,0x47514800,1513210,True,False
0x23E98E0E,uniform_base_fra_away.iff,0A,0x47686000,1468727,False,True
0xBA45FD74,uniform_base_fra_home.iff,0A,0x477ED000,1467149,False,True
0xF31829C2,uniform_base_ger_away.iff,0A,0x47953800,1507767,False,True
0x6AB45AB8,uniform_base_ger_home.iff,0A,0x47AC4000,1512998,False,True
0x551C5735,uniform_base_kaz_away.iff,0A,0x47C35800,1506632,False,True
0xCCB0244F,uniform_base_kaz_home.iff,0A,0x47DA5800,1507278,False,True
0x79629A83,uniform_base_lak_alt.iff,0A,0x47F15800,1503227,True,False
0xE9E8546C,uniform_base_lak_away.iff,0A,0x48084800,1508896,True,False
0x70442716,uniform_base_lak_home.iff,0A,0x48A1C000,1498319,True,False
0x3F4D8E09,uniform_base_lat_away.iff,0A,0x48B8A000,1491372,False,True
0xA6E1FD73,uniform_base_lat_home.iff,0A,0x48CF6800,1487375,False,True
0xE1AC40F8,uniform_base_min_alt.iff,0A,0x48E62000,1447509,True,False
0x2EA73202,uniform_base_min_away.iff,0A,0x48FC3800,1536908,True,False
0xB70B4178,uniform_base_min_home.iff,0A,0x49418000,1479338,True,False
0x4F306BF3,uniform_base_mtl_away.iff,0A,0x49581800,1468358,True,False
0xD69C1889,uniform_base_mtl_home.iff,0A,0x499BA000,1488258,True,False
0xD7F9163A,uniform_base_njd_away.iff,0A,0x49B25800,1472305,True,False
0x4E556540,uniform_base_njd_home.iff,0A,0x4A4AE800,1470428,True,False
0x3BD84E52,uniform_base_nsh_alt.iff,0A,0x4A615800,1474258,True,False
0x187E0CFA,uniform_base_nsh_away.iff,0A,0x4A77D800,1527061,True,False
0x81D27F80,uniform_base_nsh_home.iff,0A,0x4B17A000,1519920,True,False
0x3B81CAD8,uniform_base_nyi_alt.iff,0A,0x4B2ED800,1474808,True,False
0x15133F40,uniform_base_nyi_away.iff,0A,0x4B456000,1515045,True,False
0x8CBF4C3A,uniform_base_nyi_home.iff,0A,0x4B8A4800,1512985,True,False
0xCA5D455F,uniform_base_nyr_away.iff,0A,0x4BA16000,1484071,True,False
0x53F13625,uniform_base_nyr_home.iff,0A,0x4C387000,1503189,True,False
0x527E3B8E,uniform_base_ott_alt.iff,0A,0x4C4F6000,1513074,True,False
0x97723470,uniform_base_ott_away.iff,0A,0x4C667800,1509719,True,False
0x0EDE470A,uniform_base_ott_home.iff,0A,0x4CABC800,1508327,True,False
0x0F6DCFC3,uniform_base_phi_alt.iff,0A,0x4CC2D000,1498908,True,False
0x9F421AA9,uniform_base_phi_away.iff,0A,0x4CD9B000,1508710,True,False
0x06EE69D3,uniform_base_phi_home.iff,0A,0x4D1E8000,1488875,True,False
0x7C77B649,uniform_base_pho_alt.iff,0A,0x4D353800,1485002,True,False
0x925C6AEE,uniform_base_pho_away.iff,0A,0x4D4BE800,1470999,True,False
0x0BF01994,uniform_base_pho_home.iff,0A,0x4DE13000,1446048,True,False
0xBD2001DB,uniform_base_pit_alt.iff,0A,0x4DF74800,1475329,True,False
0x8C9CCF31,uniform_base_pit_away.iff,0A,0x4E0DD000,1519501,True,False
0x1530BC4B,uniform_base_pit_home.iff,0A,0x4EAE2800,1521651,True,False
0x26971CDB,uniform_base_rus_away.iff,0A,0x4EDBB800,1501579,False,True
0xBF3B6FA1,uniform_base_rus_home.iff,0A,0x4EF2A800,1504925,False,True
0xAB94B110,uniform_base_sjs_alt.iff,0A,0x4F09A000,1447588,True,False
0x803C60B9,uniform_base_sjs_away.iff,0A,0x4F1FB800,1478356,True,False
0x199013C3,uniform_base_sjs_home.iff,0A,0x4F638000,1478714,True,False
0x551BCB9C,uniform_base_slo_away.iff,0A,0x4F7A1800,1516879,False,True
0xCCB7B8E6,uniform_base_slo_home.iff,0A,0x4F914000,1517525,False,True
0xE18A8DEB,uniform_base_stl_alt.iff,0A,0x4FA86800,1470914,True,False
0xAA195511,uniform_base_stl_away.iff,0A,0x4FBEE000,1533535,True,False
0x33B5266B,uniform_base_stl_home.iff,0A,0x50051000,1530106,True,False
0x8DBE4195,uniform_base_sui_away.iff,0A,0x501C7000,1457552,False,True
0x141232EF,uniform_base_sui_home.iff,0A,0x5032B000,1462617,False,True
0xCFEE18DA,uniform_base_swe_away.iff,0A,0x50490800,1478640,False,True
0x56426BA0,uniform_base_swe_home.iff,0A,0x505F9800,1476894,False,True
0xE20169C7,uniform_base_tbl_alt.iff,0A,0x50762800,1579022,True,False
0x98C2B216,uniform_base_tbl_away.iff,0A,0x508E4800,1529158,True,False
0x016EC16C,uniform_base_tbl_home.iff,0A,0x512A3000,1516009,True,False
0x73FD7B94,uniform_base_tor_alt.iff,0A,0x51415800,1473656,True,False
0x6A314E4A,uniform_base_tor_away.iff,0A,0x5157D800,1452650,True,False
0xF39D3D30,uniform_base_tor_home.iff,0A,0x519A7000,1444938,True,False
0x414D71A7,uniform_base_ukr_away.iff,0A,0x51B08000,1466786,False,True
0xD8E102DD,uniform_base_ukr_home.iff,0A,0x51C6E800,1466339,False,True
0x99E16EC2,uniform_base_usa_away.iff,0A,0x51DD4800,1449669,False,True
0x004D1DB8,uniform_base_usa_home.iff,0A,0x51F36800,1451788,False,True
0x7FAC4383,uniform_base_van_alt.iff,0A,0x52099000,1463258,True,False
0xE9EE9AB5,uniform_base_van_away.iff,0A,0x521FE800,1466381,True,False
0x7042E9CF,uniform_base_van_home.iff,0A,0x52B8E000,1460318,True,False
0x656E83AF,uniform_base_wca_alt.iff,0A,0x52CF3000,1523754,False,True
0x89CFDB97,uniform_base_wsh_away.iff,0A,0x52E67800,1509538,True,False
0x1063A8ED,uniform_base_wsh_home.iff,0A,0x532B8000,1498205,True,False
0x688857F5,uniform_bel_away.iff,0A,0x53426000,1991639,False,True
0xF124248F,uniform_bel_home.iff,0A,0x5360C800,1990382,False,True
0xC32CD33E,uniform_bos_alt.iff,0A,0x537F2800,2342207,True,False
0x5C82D514,uniform_bos_away.iff,0A,0x53A2E800,2419914,True,False
0xC52EA66E,uniform_bos_home.iff,0A,0x540D0800,2419897,True,False
0x15F7C521,uniform_buf_alt.iff,0A,0x5431F800,2251059,True,False
0xD15C03F7,uniform_buf_away.iff,0A,0x54545800,2052983,True,False
0x48F0708D,uniform_buf_home.iff,0A,0x552FA000,2080899,True,False
0x4701B825,uniform_can_away.iff,0A,0x55731800,1987439,False,True
0xDEADCB5F,uniform_can_home.iff,0A,0x55917000,1987439,False,True
0x0B10280E,uniform_car_alt.iff,0A,0x55AFC800,2223016,True,False
0x7A93D943,uniform_car_away.iff,0A,0x55D1B800,2284308,True,False
0xE33FAA39,uniform_car_home.iff,0A,0x56B31800,2284283,True,False
0xD7087E5E,uniform_cbj_away.iff,0A,0x56D5F800,2190090,True,False
0x4EA40D24,uniform_cbj_home.iff,0A,0x573CD800,2190066,True,False
0x845BC694,uniform_cgy_alt.iff,0A,0x575E4800,2255068,True,False
0x6AC6E8F7,uniform_cgy_away.iff,0A,0x5780B800,2559721,True,False
0xF36A9B8D,uniform_cgy_home.iff,0A,0x586FC800,2565836,True,False
0xD990DF68,uniform_chi_alt.iff,0A,0x5896F000,2427910,True,False
0xDE909DD9,uniform_chi_away.iff,0A,0x58BC0000,2368026,True,False
0x473CEEA3,uniform_chi_home.iff,0A,0x59A35800,2368924,True,False
0x71DB815E,uniform_col_alt.iff,0A,0x59ECE000,2074572,True,False
0x1182431E,uniform_col_away.iff,0A,0x5A0C8800,2273754,True,False
0x882E3064,uniform_col_home.iff,0A,0x5AEAA000,2273848,True,False
0x3236005D,uniform_cze_away.iff,0A,0x60B06000,1824308,False,True
0xAB9A7327,uniform_cze_home.iff,0A,0x60CC3800,1824308,False,True
0x4629A46E,uniform_dal_alt.iff,0A,0x60E81000,2192026,True,False
0x376C8197,uniform_dal_away.iff,0A,0x61098800,2248685,True,False
0xAEC0F2ED,uniform_dal_home.iff,0A,0x61EBE000,2034344,True,False
0xB3CC3309,uniform_det_away.iff,0A,0x620AF000,1975184,True,False
0x2A604073,uniform_det_home.iff,0A,0x62689800,1975903,True,False
0xDFAA0829,uniform_dmk_away.iff,0A,0x62A5C000,2172774,False,True
0x46067B53,uniform_dmk_home.iff,0A,0x62C6E800,2172059,False,True
0x721D4CC4,uniform_eca_alt.iff,0A,0x62E81000,1808288,False,True
0x76F5A4A9,uniform_edm_alt.iff,0A,0x6303A800,2428684,True,False
0x325C0A84,uniform_edm_away.iff,0A,0x6328B800,2429401,True,False
0xABF079FE,uniform_edm_home.iff,0A,0x6390E800,2220606,True,False
0x65612E70,uniform_fin_away.iff,0A,0x63B2D000,2042503,False,True
0xFCCD5D0A,uniform_fin_home.iff,0A,0x63D20000,2042503,False,True
0x1AF47148,uniform_fla_alt.iff,0A,0x63F13000,2346917,True,False
0xE53DD9BF,uniform_fla_away.iff,0A,0x64150000,2274097,True,False
0x7C91AAC5,uniform_fla_home.iff,0A,0x6479E800,2272333,True,False
0x19BD3672,uniform_fra_away.iff,0A,0x649C9800,1936675,False,True
0x80114508,uniform_fra_home.iff,0A,0x64BA2800,1935454,False,True
0xC94C91BE,uniform_ger_away.iff,0B,0x8278000,1907477,False,True
0x50E0E2C4,uniform_ger_home.iff,0B,0x844A000,1905893,False,True
0x6F48EF49,uniform_kaz_away.iff,0B,0x861B800,2050621,False,True
0xF6E49C33,uniform_kaz_home.iff,0B,0x8810800,2050621,False,True
0x988B28E2,uniform_lak_alt.iff,0B,0x8A05800,2082476,True,False
0xD3BCEC10,uniform_lak_away.iff,0B,0x8C02000,2196096,True,False
0x4A109F6A,uniform_lak_home.iff,0B,0x9969800,2197260,True,False
0x05193675,uniform_lat_away.iff,0B,0x9B82000,2142613,False,True
0x9CB5450F,uniform_lat_home.iff,0B,0x9D8D800,2142111,False,True
0x0045F299,uniform_min_alt.iff,0B,0x9F98800,2020884,True,False
0x14F38A7E,uniform_min_away.iff,0B,0xA186000,2200008,True,False
0x8D5FF904,uniform_min_home.iff,0B,0xA7EB800,2399871,True,False
0x7564D38F,uniform_mtl_away.iff,0B,0xAA35800,2165597,True,False
0xECC8A0F5,uniform_mtl_home.iff,0B,0xB05F800,2163128,True,False
0x139F9C97,uniform_muvo_away.iff,0A,0x66EAF800,950124,False,True
0x8A33EFED,uniform_muvo_home.iff,0A,0x6714B800,950124,False,True
0xEDADAE46,uniform_njd_away.iff,0B,0xB270000,2276931,True,False
0x7401DD3C,uniform_njd_home.iff,0B,0xC036000,2277358,True,False
0xDA31FC33,uniform_nsh_alt.iff,0B,0xC262000,2086900,True,False
0x222AB486,uniform_nsh_away.iff,0B,0xC45F800,2140383,True,False
0xBB86C7FC,uniform_nsh_home.iff,0B,0xD115800,2082716,True,False
0xDA6878B9,uniform_nyi_alt.iff,0B,0xD312000,2245669,True,False
0x2F47873C,uniform_nyi_away.iff,0B,0xD536800,2419911,True,False
0xB6EBF446,uniform_nyi_home.iff,0B,0xDBD3800,2424209,True,False
0xF009FD23,uniform_nyr_away.iff,0B,0xDE23800,2211552,True,False
0x69A58E59,uniform_nyr_home.iff,0B,0xEB9F800,2215924,True,False
0xB39789EF,uniform_ott_alt.iff,0B,0xEDBC800,2023302,True,False
0xAD268C0C,uniform_ott_away.iff,0B,0xEFAA800,2131111,True,False
0x348AFF76,uniform_ott_home.iff,0B,0xF5C7000,2131115,True,False
0xEE847DA2,uniform_phi_alt.iff,0B,0xF7CF800,2189589,True,False
0xA516A2D5,uniform_phi_away.iff,0B,0xF9E6800,2029327,True,False
0x3CBAD1AF,uniform_phi_home.iff,0B,0xFFC1800,2033881,True,False
0x9D9E0428,uniform_pho_alt.iff,0B,0x101B2800,2139460,True,False
0xA808D292,uniform_pho_away.iff,0B,0x103BD000,2193916,True,False
0x31A4A1E8,uniform_pho_home.iff,0B,0x110E5800,2193916,True,False
0x5CC9B3BA,uniform_pit_alt.iff,0B,0x112FD800,2382974,True,False
0xB6C8774D,uniform_pit_away.iff,0B,0x11543800,2350146,True,False
0x2F640437,uniform_pit_home.iff,0B,0x12395800,2350127,True,False
0x1CC3A4A7,uniform_rus_away.iff,0B,0x1282C800,1831790,False,True
0x856FD7DD,uniform_rus_home.iff,0B,0x129EC000,1831790,False,True
0x4A7D0371,uniform_sjs_alt.iff,0B,0x12BAB800,2248443,True,False
0xBA68D8C5,uniform_sjs_away.iff,0B,0x12DD0800,2268537,True,False
0x23C4ABBF,uniform_sjs_home.iff,0B,0x13464800,2268659,True,False
0x6F4F73E0,uniform_slo_away.iff,0B,0x1368E800,1814987,False,True
0xF6E3009A,uniform_slo_home.iff,0B,0x1384A000,1814987,False,True
0x00633F8A,uniform_stl_alt.iff,0B,0x13A05800,2415452,True,False
0x904DED6D,uniform_stl_away.iff,0B,0x13C53800,2324326,True,False
0x09E19E17,uniform_stl_home.iff,0B,0x14300800,2322154,True,False
0xB7EAF9E9,uniform_sui_away.iff,0B,0x14537800,1904320,False,True
0x2E468A93,uniform_sui_home.iff,0B,0x14708800,1903796,False,True
0xF5BAA0A6,uniform_swe_away.iff,0B,0x148D9800,2028941,False,True
0x6C16D3DC,uniform_swe_home.iff,0B,0x14AC9000,2028526,False,True
0x03E8DBA6,uniform_tbl_alt.iff,0B,0x14CB8800,2082085,True,False
0xA2960A6A,uniform_tbl_away.iff,0B,0x14EB5000,2232220,True,False
0x3B3A7910,uniform_tbl_home.iff,0B,0x15C63000,2232206,True,False
0x9214C9F5,uniform_tor_alt.iff,0B,0x15E84000,1972749,True,False
0x5065F636,uniform_tor_away.iff,0B,0x16066000,2244139,True,False
0xC9C9854C,uniform_tor_home.iff,0B,0x166AE800,2086952,True,False
0x7B19C9DB,uniform_ukr_away.iff,0B,0x168AC800,2065228,False,True
0xE2B5BAA1,uniform_ukr_home.iff,0B,0x16AA5000,2065228,False,True
0xA3B5D6BE,uniform_usa_away.iff,0B,0x16C9D800,2080038,False,True
0x3A19A5C4,uniform_usa_home.iff,0B,0x16E99800,2080038,False,True
0x9E45F1E2,uniform_van_alt.iff,0B,0x17095800,2248144,True,False
0xD3BA22C9,uniform_van_away.iff,0B,0x172BA800,2145563,True,False
0x4A1651B3,uniform_van_home.iff,0B,0x17FDA800,2142463,True,False
0xDC627F12,uniform_vyhf_home.iff,0B,0x377FD800,1159,False,True
0x848731CE,uniform_wca_alt.iff,0B,0x181E6000,1818526,False,True
0xB39B63EB,uniform_wsh_away.iff,0B,0x183A2000,1861992,True,False
0x2A371091,uniform_wsh_home.iff,0B,0x188F9000,1861513,True,False
0x4B79DCBE,zamboni_ana.iff,0A,0x36E43800,194661,True,False
0x11A439F2,zamboni_atl.iff,0A,0x36E73800,194661,True,False
0xABEDD164,zamboni_bos.iff,0A,0x36EA3800,194661,True,False
0xA1A0E86B,zamboni_buf.iff,0A,0x36ED3800,194661,True,False
0x0AF09210,zamboni_car.iff,0A,0x36F03800,194661,True,False
0xDCF43CFD,zamboni_cbj.iff,0A,0x36F33800,194661,True,False
0xAB79401C,zamboni_cgy.iff,0A,0x36F63800,194661,True,False
0x3ACF654B,zamboni_chi.iff,0A,0x36F93800,194661,True,False
0xEF2ADA83,zamboni_col.iff,0A,0x36FC3800,194661,True,False
0x1087857D,zamboni_dal.iff,0A,0x37083800,194661,True,False
0xDB861B28,zamboni_det.iff,0A,0x370B3800,194661,True,False
0xDB5D36CA,zamboni_edm.iff,0A,0x370E3800,194661,True,False
0xC316433B,zamboni_fla.iff,0A,0x37113800,194661,True,False
0x9148170A,zamboni_lak.iff,0A,0x371B1800,194661,True,False
0x138C11A3,zamboni_min.iff,0A,0x371E1800,194661,True,False
0xD6045386,zamboni_mtl.iff,0A,0x37241800,194661,True,False
0xEE406131,zamboni_njd.iff,0A,0x37271800,194661,True,False
0x0F69DF63,zamboni_nsh.iff,0A,0x372A1800,194661,True,False
0x9392D5B5,zamboni_nyi.iff,0A,0x372D1800,194661,True,False
0x84A27326,zamboni_nyr.iff,0A,0x37301800,194661,True,False
0x110B9EEC,zamboni_ott.iff,0A,0x37331800,194661,True,False
0x6CF9E318,zamboni_phi.iff,0A,0x37361800,194661,True,False
0xE3B916B8,zamboni_pho.iff,0A,0x37391800,194661,True,False
0x3FD5638E,zamboni_pit.iff,0A,0x373C1800,194661,True,False
0x3A89D7AD,zamboni_sjs.iff,0A,0x374BE000,194661,True,False
0xE1E5B415,zamboni_stl.iff,0A,0x3751E000,194661,True,False
0xF1CD6B1D,zamboni_tbl.iff,0A,0x3754E000,194661,True,False
0x6F07B543,zamboni_team_ana.iff,0A,0x375B9800,213892,True,False
0x35DA500F,zamboni_team_atl.iff,0A,0x375EE000,219053,True,False
0x8F93B899,zamboni_team_bos.iff,0A,0x37623800,212848,True,False
0x85DE8196,zamboni_team_buf.iff,0A,0x37657800,212194,True,False
0x2E8EFBED,zamboni_team_car.iff,0A,0x3768B800,214424,True,False
0xF88A5500,zamboni_team_cbj.iff,0A,0x376C0000,216882,True,False
0x8F0729E1,zamboni_team_cgy.iff,0A,0x376F5000,234330,True,False
0x1EB10CB6,zamboni_team_chi.iff,0A,0x3772E800,214810,True,False
0xCB54B37E,zamboni_team_col.iff,0A,0x37763000,215105,True,False
0x34F9EC80,zamboni_team_dal.iff,0A,0x3784A800,215333,True,False
0xFFF872D5,zamboni_team_det.iff,0A,0x3787F800,213588,True,False
0xFF235F37,zamboni_team_edm.iff,0A,0x378B4000,236222,True,False
0xE7682AC6,zamboni_team_fla.iff,0A,0x378EE000,213928,True,False
0xB5367EF7,zamboni_team_lak.iff,0A,0x3795E000,216042,True,False
0x37F2785E,zamboni_team_min.iff,0A,0x37993000,215539,True,False
0xF27A3A7B,zamboni_team_mtl.iff,0A,0x37A03800,236432,True,False
0xCA3E08CC,zamboni_team_njd.iff,0A,0x37A3D800,214081,True,False
0x2B17B69E,zamboni_team_nsh.iff,0A,0x37A72000,216665,True,False
0xB7ECBC48,zamboni_team_nyi.iff,0A,0x37AA7000,215483,True,False
0xA0DC1ADB,zamboni_team_nyr.iff,0A,0x37ADC000,222390,True,False
0x3575F711,zamboni_team_ott.iff,0A,0x37B12800,235751,True,False
0x48878AE5,zamboni_team_phi.iff,0A,0x37B4C800,213107,True,False
0xC7C77F45,zamboni_team_pho.iff,0A,0x37B81000,214137,True,False
0x1BAB0A73,zamboni_team_pit.iff,0A,0x37BB5800,214853,True,False
0x1EF7BE50,zamboni_team_sjs.iff,0A,0x37C25800,215537,True,False
0xC59BDDE8,zamboni_team_stl.iff,0A,0x37C96000,216053,True,False
0xD5B302E0,zamboni_team_tbl.iff,0A,0x37CCB000,217323,True,False
0xB6FD38DD,zamboni_team_tor.iff,0A,0x37D00800,233917,True,False
0xBE783207,zamboni_team_van.iff,0A,0x37D3A000,234682,True,False
0xD9516F83,zamboni_team_wsh.iff,0A,0x37DEA800,213477,True,False
0x92835120,zamboni_tor.iff,0A,0x37E27000,194661,True,False
0x9A065BFA,zamboni_van.iff,0A,0x37E57000,194661,True,False
0xFD2F067E,zamboni_wsh.iff,0A,0x37EF7800,194661,True,False
