team,category,iff,archive,offset,size,resolved
ana,logo,logo_ana.iff,0B,0x18AD1800,0xD364,1
ana,uniform_base_home,uniform_base_ana_home.iff,0A,0x3B304000,0x17925F,1
ana,uniform_base_away,uniform_base_ana_away.iff,0A,0x3A92B000,0x17BA23,1
ana,uniform_base_alt,uniform_base_ana_alt.iff,,,,0
ana,uniform_overlay_home,uniform_ana_home.iff,0A,0x39649800,0x1E7CA2,1
ana,uniform_overlay_away,uniform_ana_away.iff,0A,0x38900800,0x1E7EA9,1
ana,uniform_overlay_alt,uniform_ana_alt.iff,,,,0
ana,ice,ice_ana_playoffs.iff,0A,0x350DB000,0x5BB7D,1
ana,ice,ice_ana_finals.iff,0A,0x35080000,0x5AAF4,1
ana,rink,rink_ana.iff,0A,0x15210000,0xD3817C,1
ana,led,led_ana.iff,0A,0x4A6C800,0x33C5C,1
ana,arena_presentation,arena_presentation_ana.iff,0A,0x42CD000,0x29A7A,1
ana,arena,arena_ana.iff,0A,0x5838000,0x5FDD3A,1
ana,zamboni,zamboni_ana.iff,0A,0x36E43800,0x2F865,1
ana,zamboni_team,zamboni_team_ana.iff,0A,0x375B9800,0x34384,1
atl,logo,logo_atl.iff,0B,0x18AF7800,0xE6B2,1
atl,uniform_base_home,uniform_base_atl_home.iff,0A,0x3BA59000,0x17940A,1
atl,uniform_base_away,uniform_base_atl_away.iff,0A,0x3B5F1000,0x17CB70,1
atl,uniform_base_alt,uniform_base_atl_alt.iff,0A,0x3B47D800,0x173477,1
atl,uniform_overlay_home,uniform_atl_home.iff,0A,0x3A033800,0x212F59,1
atl,uniform_overlay_away,uniform_atl_away.iff,0A,0x39A1F800,0x212E46,1
atl,uniform_overlay_alt,uniform_atl_alt.iff,0A,0x39831800,0x1EDF81,1
atl,ice,ice_atl_playoffs.iff,0A,0x3519E800,0x68470,1
atl,ice,ice_atl_finals.iff,0A,0x35137000,0x673E3,1
atl,rink,rink_atl.iff,0A,0x15F48800,0xD393A3,1
atl,led,led_atl.iff,0A,0x4AA0800,0x3C02D,1
atl,arena_presentation,arena_presentation_atl.iff,0A,0x42F7000,0x1C31E,1
atl,arena,arena_atl.iff,0A,0x5E36000,0x6661BB,1
atl,zamboni,zamboni_atl.iff,0A,0x36E73800,0x2F865,1
atl,zamboni_team,zamboni_team_atl.iff,0A,0x375EE000,0x357AD,1
bos,logo,logo_bos.iff,0B,0x18B36800,0xCB11,1
bos,uniform_base_home,uniform_base_bos_home.iff,0A,0x3C721800,0x168C88,1
bos,uniform_base_away,uniform_base_bos_away.iff,0A,0x3C2E2000,0x16B8C2,1
bos,uniform_base_alt,uniform_base_bos_alt.iff,0A,0x3C17F000,0x162A20,1
bos,uniform_overlay_home,uniform_bos_home.iff,0A,0x540D0800,0x24ECB9,1
bos,uniform_overlay_away,uniform_bos_away.iff,0A,0x53A2E800,0x24ECCA,1
bos,uniform_overlay_alt,uniform_bos_alt.iff,0A,0x537F2800,0x23BD3F,1
bos,ice,ice_bos_playoffs.iff,0A,0x35269800,0x6318D,1
bos,ice,ice_bos_finals.iff,0A,0x35207000,0x62101,1
bos,rink,rink_bos.iff,0A,0x16C82000,0xD9D4C8,1
bos,led,led_bos.iff,0A,0x4ADD000,0x32E87,1
bos,arena_presentation,arena_presentation_bos.iff,0A,0x4313800,0x16C18,1
bos,arena,arena_bos.iff,0A,0x649C800,0x72092C,1
bos,zamboni,zamboni_bos.iff,0A,0x36EA3800,0x2F865,1
bos,zamboni_team,zamboni_team_bos.iff,0A,0x37623800,0x33F70,1
buf,logo,logo_buf.iff,0B,0x18B4E000,0xBAAB,1
buf,uniform_base_home,uniform_base_buf_home.iff,0A,0x3D3CB000,0x1839FA,1
buf,uniform_base_away,uniform_base_buf_away.iff,0A,0x3C9FA800,0x1851F9,1
buf,uniform_base_alt,uniform_base_buf_alt.iff,0A,0x3C88A800,0x16F929,1
buf,uniform_overlay_home,uniform_buf_home.iff,0A,0x552FA000,0x1FC083,1
buf,uniform_overlay_away,uniform_buf_away.iff,0A,0x54545800,0x1F5377,1
buf,uniform_overlay_alt,uniform_buf_alt.iff,0A,0x5431F800,0x225933,1
buf,ice,ice_buf_playoffs.iff,0A,0x3533C000,0x6FC3A,1
buf,ice,ice_buf_finals.iff,0A,0x352CD000,0x6EBB2,1
buf,rink,rink_buf.iff,0A,0x17A1F800,0xD9D4EA,1
buf,led,led_buf.iff,0A,0x4B10000,0x3370E,1
buf,arena_presentation,arena_presentation_buf.iff,0A,0x432A800,0x545F3,1
buf,arena,arena_buf.iff,0A,0x6BBD800,0x5DB926,1
buf,zamboni,zamboni_buf.iff,0A,0x36ED3800,0x2F865,1
buf,zamboni_team,zamboni_team_buf.iff,0A,0x37657800,0x33CE2,1
car,logo,logo_car.iff,0B,0x18B7F000,0xAE59,1
car,uniform_base_home,uniform_base_car_home.iff,0A,0x3E459800,0x16EE80,1
car,uniform_base_away,uniform_base_car_away.iff,0A,0x3DAEF000,0x16F0C3,1
car,uniform_base_alt,uniform_base_car_alt.iff,0A,0x3D983800,0x16B769,1
car,uniform_overlay_home,uniform_car_home.iff,0A,0x56B31800,0x22DAFB,1
car,uniform_overlay_away,uniform_car_away.iff,0A,0x55D1B800,0x22DB14,1
car,uniform_overlay_alt,uniform_car_alt.iff,0A,0x55AFC800,0x21EBA8,1
car,ice,ice_car_playoffs.iff,0A,0x35408000,0x5CCF0,1
car,ice,ice_car_finals.iff,0A,0x353AC000,0x5BC67,1
car,rink,rink_car.iff,0A,0x187BD000,0xDA29F9,1
car,led,led_car.iff,0A,0x4B43800,0x31D4F,1
car,arena_presentation,arena_presentation_car.iff,0A,0x437F000,0x5B211,1
car,arena,arena_car.iff,0A,0x7199800,0x64A376,1
car,zamboni,zamboni_car.iff,0A,0x36F03800,0x2F865,1
car,zamboni_team,zamboni_team_car.iff,0A,0x3768B800,0x34598,1
cbj,logo,logo_cbj.iff,0B,0x18BA1800,0xEEB2,1
cbj,uniform_base_home,uniform_base_cbj_home.iff,0A,0x3EA1F800,0x17215C,1
cbj,uniform_base_away,uniform_base_cbj_away.iff,0A,0x3E5C8800,0x173EA1,1
cbj,uniform_base_alt,uniform_base_cbj_alt.iff,,,,0
cbj,uniform_overlay_home,uniform_cbj_home.iff,0A,0x573CD800,0x216AF2,1
cbj,uniform_overlay_away,uniform_cbj_away.iff,0A,0x56D5F800,0x216B0A,1
cbj,uniform_overlay_alt,uniform_cbj_alt.iff,,,,0
cbj,ice,ice_cbj_playoffs.iff,0A,0x354D1000,0x6C8DA,1
cbj,ice,ice_cbj_finals.iff,0A,0x35465000,0x6B853,1
cbj,rink,rink_cbj.iff,0A,0x19560000,0xD3C056,1
cbj,led,led_cbj.iff,0A,0x4B75800,0x34525,1
cbj,arena_presentation,arena_presentation_cbj.iff,0A,0x43DA800,0x385DC,1
cbj,arena,arena_cbj.iff,0A,0x77E4000,0x6F569B,1
cbj,zamboni,zamboni_cbj.iff,0A,0x36F33800,0x2F865,1
cbj,zamboni_team,zamboni_team_cbj.iff,0A,0x376C0000,0x34F32,1
cgy,logo,logo_cgy.iff,0B,0x18BBE000,0xD04F,1
cgy,uniform_base_home,uniform_base_cgy_home.iff,0A,0x3F6CD000,0x18A531,1
cgy,uniform_base_away,uniform_base_cgy_away.iff,0A,0x3ECF5800,0x189A15,1
cgy,uniform_base_alt,uniform_base_cgy_alt.iff,0A,0x3EB92000,0x163473,1
cgy,uniform_overlay_home,uniform_cgy_home.iff,0A,0x586FC800,0x2726CC,1
cgy,uniform_overlay_away,uniform_cgy_away.iff,0A,0x5780B800,0x270EE9,1
cgy,uniform_overlay_alt,uniform_cgy_alt.iff,0A,0x575E4800,0x2268DC,1
cgy,ice,ice_cgy_playoffs.iff,0A,0x355AA800,0x6D818,1
cgy,ice,ice_cgy_finals.iff,0A,0x3553E000,0x6C78E,1
cgy,rink,rink_cgy.iff,0A,0x1A29C800,0xD9D61D,1
cgy,led,led_cgy.iff,0A,0x4BAA000,0x398B9,1
cgy,arena_presentation,arena_presentation_cgy.iff,0A,0x4413000,0x17FCC,1
cgy,arena,arena_cgy.iff,0A,0x7ED9800,0x5B67B2,1
cgy,zamboni,zamboni_cgy.iff,0A,0x36F63800,0x2F865,1
cgy,zamboni_team,zamboni_team_cgy.iff,0A,0x376F5000,0x3935A,1
chi,logo,logo_chi.iff,0B,0x18BE3800,0x11B41,1
chi,uniform_base_home,uniform_base_chi_home.iff,0A,0x40345800,0x1659C0,1
chi,uniform_base_away,uniform_base_chi_away.iff,0A,0x3F9BE000,0x167F10,1
chi,uniform_base_alt,uniform_base_chi_alt.iff,0A,0x3F857800,0x1662F3,1
chi,uniform_overlay_home,uniform_chi_home.iff,0A,0x59A35800,0x24259C,1
chi,uniform_overlay_away,uniform_chi_away.iff,0A,0x58BC0000,0x24221A,1
chi,uniform_overlay_alt,uniform_chi_alt.iff,0A,0x5896F000,0x250C06,1
chi,ice,ice_chi_playoffs.iff,0A,0x35689000,0x71132,1
chi,ice,ice_chi_finals.iff,0A,0x35618800,0x700A7,1
chi,rink,rink_chi.iff,0A,0x1B03A000,0xD4156E,1
chi,led,led_chi.iff,0A,0x4BE4000,0x3716B,1
chi,arena_presentation,arena_presentation_chi.iff,0A,0x442B000,0x1C995,1
chi,arena,arena_chi.iff,0A,0x8490000,0x6DDA25,1
chi,zamboni,zamboni_chi.iff,0A,0x36F93800,0x2F865,1
chi,zamboni_team,zamboni_team_chi.iff,0A,0x3772E800,0x3471A,1
col,logo,logo_col.iff,0B,0x18C17000,0xF99D,1
col,uniform_base_home,uniform_base_col_home.iff,0A,0x41134800,0x179266,1
col,uniform_base_away,uniform_base_col_away.iff,0A,0x4077A000,0x17A512,1
col,uniform_base_alt,uniform_base_col_alt.iff,0A,0x40612000,0x16789E,1
col,uniform_overlay_home,uniform_col_home.iff,0A,0x5AEAA000,0x22B238,1
col,uniform_overlay_away,uniform_col_away.iff,0A,0x5A0C8800,0x22B1DA,1
col,uniform_overlay_alt,uniform_col_alt.iff,0A,0x59ECE000,0x1FA7CC,1
col,ice,ice_col_playoffs.iff,0A,0x35774800,0x7AE21,1
col,ice,ice_col_finals.iff,0A,0x356FA800,0x79EDB,1
col,rink,rink_col.iff,0A,0x1BD7B800,0xD37EB7,1
col,led,led_col.iff,0A,0x4C1B800,0x367FB,1
col,arena_presentation,arena_presentation_col.iff,0A,0x4448000,0x81675,1
col,arena,arena_col.iff,0A,0x8B6E000,0x704426,1
col,zamboni,zamboni_col.iff,0A,0x36FC3800,0x2F865,1
col,zamboni_team,zamboni_team_col.iff,0A,0x37763000,0x34841,1
dal,logo,logo_dal.iff,0B,0x18D93000,0xA5CF,1
dal,uniform_base_home,uniform_base_dal_home.iff,0A,0x458C0000,0x160D50,1
dal,uniform_base_away,uniform_base_dal_away.iff,0A,0x44F5A000,0x165500,1
dal,uniform_base_alt,uniform_base_dal_alt.iff,0A,0x44DF4800,0x165505,1
dal,uniform_overlay_home,uniform_dal_home.iff,0A,0x61EBE000,0x1F0AA8,1
dal,uniform_overlay_away,uniform_dal_away.iff,0A,0x61098800,0x224FED,1
dal,uniform_overlay_alt,uniform_dal_alt.iff,0A,0x60E81000,0x21729A,1
dal,ice,ice_dal_playoffs.iff,0A,0x35A67800,0x62C3D,1
dal,ice,ice_dal_finals.iff,0A,0x35A05800,0x61BB5,1
dal,rink,rink_dal.iff,0A,0x1F275000,0xD9F8C4,1
dal,led,led_dal.iff,0A,0x4CEE000,0x31544,1
dal,arena_presentation,arena_presentation_dal.iff,0A,0x452E000,0x4D47E,1
dal,arena,arena_dal.iff,0A,0xA291800,0x6AA1EE,1
dal,zamboni,zamboni_dal.iff,0A,0x37083800,0x2F865,1
dal,zamboni_team,zamboni_team_dal.iff,0A,0x3784A800,0x34925,1
det,logo,logo_det.iff,0B,0x18DB2800,0xD941,1
det,uniform_base_home,uniform_base_det_home.iff,0A,0x45E54800,0x162FCC,1
det,uniform_base_away,uniform_base_det_away.iff,0A,0x45A21000,0x16837F,1
det,uniform_base_alt,uniform_base_det_alt.iff,,,,0
det,uniform_overlay_home,uniform_det_home.iff,0A,0x62689800,0x1E265F,1
det,uniform_overlay_away,uniform_det_away.iff,0A,0x620AF000,0x1E2390,1
det,uniform_overlay_alt,uniform_det_alt.iff,,,,0
det,ice,ice_det_playoffs.iff,0A,0x35B30800,0x66C61,1
det,ice,ice_det_finals.iff,0A,0x35ACA800,0x65BD7,1
det,rink,rink_det.iff,0A,0x20015000,0xD9823D,1
det,led,led_det.iff,0A,0x4D1F800,0x316A9,1
det,arena_presentation,arena_presentation_det.iff,0A,0x457B800,0x51EC9,1
det,arena,arena_det.iff,0A,0xA93C000,0x55631E,1
det,zamboni,zamboni_det.iff,0A,0x370B3800,0x2F865,1
det,zamboni_team,zamboni_team_det.iff,0A,0x3787F800,0x34254,1
edm,logo,logo_edm.iff,0B,0x18DF0000,0xE706,1
edm,uniform_base_home,uniform_base_edm_home.iff,0A,0x46B10800,0x16A1C3,1
edm,uniform_base_away,uniform_base_edm_away.iff,0A,0x466CF800,0x16A1D9,1
edm,uniform_base_alt,uniform_base_edm_alt.iff,0A,0x46566000,0x1695D5,1
edm,uniform_overlay_home,uniform_edm_home.iff,0A,0x6390E800,0x21E23E,1
edm,uniform_overlay_away,uniform_edm_away.iff,0A,0x6328B800,0x2511D9,1
edm,uniform_overlay_alt,uniform_edm_alt.iff,0A,0x6303A800,0x250F0C,1
edm,ice,ice_edm_playoffs.iff,0A,0x35C00000,0x697A1,1
edm,ice,ice_edm_finals.iff,0A,0x35B97800,0x68711,1
edm,rink,rink_edm.iff,0A,0x20DAD800,0xD9C1B5,1
edm,led,led_edm.iff,0A,0x4D51000,0x38B7C,1
edm,arena_presentation,arena_presentation_edm.iff,0A,0x45CD800,0x21FC5,1
edm,arena,arena_edm.iff,0A,0xAE92800,0x59F68F,1
edm,zamboni,zamboni_edm.iff,0A,0x370E3800,0x2F865,1
edm,zamboni_team,zamboni_team_edm.iff,0A,0x378B4000,0x39ABE,1
fla,logo,logo_fla.iff,0B,0x18E1F800,0xE1EF,1
fla,uniform_base_home,uniform_base_fla_home.iff,0A,0x47514800,0x1716FA,1
fla,uniform_base_away,uniform_base_fla_away.iff,0A,0x470BC000,0x172532,1
fla,uniform_base_alt,uniform_base_fla_alt.iff,0A,0x46F55800,0x1662DC,1
fla,uniform_overlay_home,uniform_fla_home.iff,0A,0x6479E800,0x22AC4D,1
fla,uniform_overlay_away,uniform_fla_away.iff,0A,0x64150000,0x22B331,1
fla,uniform_overlay_alt,uniform_fla_alt.iff,0A,0x63F13000,0x23CFA5,1
fla,ice,ice_fla_playoffs.iff,0A,0x35CD0800,0x67F0B,1
fla,ice,ice_fla_finals.iff,0A,0x35C69800,0x66E7E,1
fla,rink,rink_fla.iff,0A,0x21B4A000,0xDA858D,1
fla,led,led_fla.iff,0A,0x4D8A000,0x387E8,1
fla,arena_presentation,arena_presentation_fla.iff,0A,0x45EF800,0x16C1A,1
fla,arena,arena_fla.iff,0A,0xB432000,0x64E28A,1
fla,zamboni,zamboni_fla.iff,0A,0x37113800,0x2F865,1
fla,zamboni_team,zamboni_team_fla.iff,0A,0x378EE000,0x343A8,1
lak,logo,logo_lak.iff,0B,0x18E74800,0x111D8,1
lak,uniform_base_home,uniform_base_lak_home.iff,0A,0x48A1C000,0x16DCCF,1
lak,uniform_base_away,uniform_base_lak_away.iff,0A,0x48084800,0x170620,1
lak,uniform_base_alt,uniform_base_lak_alt.iff,0A,0x47F15800,0x16EFFB,1
lak,uniform_overlay_home,uniform_lak_home.iff,0B,0x9969800,0x21870C,1
lak,uniform_overlay_away,uniform_lak_away.iff,0B,0x8C02000,0x218280,1
lak,uniform_overlay_alt,uniform_lak_alt.iff,0B,0x8A05800,0x1FC6AC,1
lak,ice,ice_lak_playoffs.iff,0A,0x35E79000,0x70654,1
lak,ice,ice_lak_finals.iff,0A,0x35E09800,0x6F5C8,1
lak,rink,rink_lak.iff,0A,0x23621000,0xD9D53F,1
lak,led,led_lak.iff,0A,0x4DF6800,0x31AD2,1
lak,arena_presentation,arena_presentation_lak.iff,0A,0x463F000,0x6EEDA,1
lak,arena,arena_lak.iff,0A,0xBF7D000,0x62E6DB,1
lak,zamboni,zamboni_lak.iff,0A,0x371B1800,0x2F865,1
lak,zamboni_team,zamboni_team_lak.iff,0A,0x3795E000,0x34BEA,1
min,logo,logo_min.iff,0B,0x18EB3800,0xCF0B,1
min,uniform_base_home,uniform_base_min_home.iff,0A,0x49418000,0x1692AA,1
min,uniform_base_away,uniform_base_min_away.iff,0A,0x48FC3800,0x17738C,1
min,uniform_base_alt,uniform_base_min_alt.iff,0A,0x48E62000,0x161655,1
min,uniform_overlay_home,uniform_min_home.iff,0B,0xA7EB800,0x249E7F,1
min,uniform_overlay_away,uniform_min_away.iff,0B,0xA186000,0x2191C8,1
min,uniform_overlay_alt,uniform_min_alt.iff,0B,0x9F98800,0x1ED614,1
min,ice,ice_min_playoffs.iff,0A,0x35F56800,0x66BF3,1
min,ice,ice_min_finals.iff,0A,0x35EF0800,0x65B6A,1
min,rink,rink_min.iff,0A,0x243BE800,0xD4C0FF,1
min,led,led_min.iff,0A,0x4E28800,0x35A6B,1
min,arena_presentation,arena_presentation_min.iff,0A,0x46AE000,0x3B65E,1
min,arena,arena_min.iff,0A,0xC5AB800,0x6B062D,1
min,zamboni,zamboni_min.iff,0A,0x371E1800,0x2F865,1
min,zamboni_team,zamboni_team_min.iff,0A,0x37993000,0x349F3,1
mtl,logo,logo_mtl.iff,0B,0x18ECD000,0xB5A9,1
mtl,uniform_base_home,uniform_base_mtl_home.iff,0A,0x499BA000,0x16B582,1
mtl,uniform_base_away,uniform_base_mtl_away.iff,0A,0x49581800,0x1667C6,1
mtl,uniform_base_alt,uniform_base_mtl_alt.iff,,,,0
mtl,uniform_overlay_home,uniform_mtl_home.iff,0B,0xB05F800,0x2101B8,1
mtl,uniform_overlay_away,uniform_mtl_away.iff,0B,0xAA35800,0x210B5D,1
mtl,uniform_overlay_alt,uniform_mtl_alt.iff,,,,0
mtl,ice,ice_mtl_playoffs.iff,0A,0x36019800,0x5CBBD,1
mtl,ice,ice_mtl_finals.iff,0A,0x35FBD800,0x5BB2C,1
mtl,rink,rink_mtl.iff,0A,0x25A90800,0xD9F69D,1
mtl,led,led_mtl.iff,0A,0x4E92800,0x319AB,1
mtl,arena_presentation,arena_presentation_mtl.iff,0A,0x46EA000,0x2EADF,1
mtl,arena,arena_mtl.iff,0A,0xD1F9000,0x5C5A7F,1
mtl,zamboni,zamboni_mtl.iff,0A,0x37241800,0x2F865,1
mtl,zamboni_team,zamboni_team_mtl.iff,0A,0x37A03800,0x39B90,1
njd,logo,logo_njd.iff,0B,0x18EF9000,0xD92E,1
njd,uniform_base_home,uniform_base_njd_home.iff,0A,0x4A4AE800,0x166FDC,1
njd,uniform_base_away,uniform_base_njd_away.iff,0A,0x49B25800,0x167731,1
njd,uniform_base_alt,uniform_base_njd_alt.iff,,,,0
njd,uniform_overlay_home,uniform_njd_home.iff,0B,0xC036000,0x22BFEE,1
njd,uniform_overlay_away,uniform_njd_away.iff,0B,0xB270000,0x22BE43,1
njd,uniform_overlay_alt,uniform_njd_alt.iff,,,,0
njd,ice,ice_njd_playoffs.iff,0A,0x360D4800,0x5EB36,1
njd,ice,ice_njd_finals.iff,0A,0x36076800,0x5DAAA,1
njd,rink,rink_njd.iff,0A,0x26830000,0xD9D526,1
njd,led,led_njd.iff,0A,0x4EC4800,0x3137F,1
njd,arena_presentation,arena_presentation_njd.iff,0A,0x4719000,0x25EC9,1
njd,arena,arena_njd.iff,0A,0xD7BF000,0x6CFF9A,1
njd,zamboni,zamboni_njd.iff,0A,0x37271800,0x2F865,1
njd,zamboni_team,zamboni_team_njd.iff,0A,0x37A3D800,0x34441,1
nsh,logo,logo_nsh.iff,0B,0x18F20000,0xE58E,1
nsh,uniform_base_home,uniform_base_nsh_home.iff,0A,0x4B17A000,0x173130,1
nsh,uniform_base_away,uniform_base_nsh_away.iff,0A,0x4A77D800,0x174D15,1
nsh,uniform_base_alt,uniform_base_nsh_alt.iff,0A,0x4A615800,0x167ED2,1
nsh,uniform_overlay_home,uniform_nsh_home.iff,0B,0xD115800,0x1FC79C,1
nsh,uniform_overlay_away,uniform_nsh_away.iff,0B,0xC45F800,0x20A8DF,1
nsh,uniform_overlay_alt,uniform_nsh_alt.iff,0B,0xC262000,0x1FD7F4,1
nsh,ice,ice_nsh_playoffs.iff,0A,0x36193800,0x60BD8,1
nsh,ice,ice_nsh_finals.iff,0A,0x36133800,0x5FB4C,1
nsh,rink,rink_nsh.iff,0A,0x275CD800,0xD3EBAA,1
nsh,led,led_nsh.iff,0A,0x4EF6000,0x31DA7,1
nsh,arena_presentation,arena_presentation_nsh.iff,0A,0x473F000,0xD0603,1
nsh,arena,arena_nsh.iff,0A,0xDE8F000,0x6044C7,1
nsh,zamboni,zamboni_nsh.iff,0A,0x372A1800,0x2F865,1
nsh,zamboni_team,zamboni_team_nsh.iff,0A,0x37A72000,0x34E59,1
nyi,logo,logo_nyi.iff,0B,0x18F49800,0xEBC4,1
nyi,uniform_base_home,uniform_base_nyi_home.iff,0A,0x4B8A4800,0x171619,1
nyi,uniform_base_away,uniform_base_nyi_away.iff,0A,0x4B456000,0x171E25,1
nyi,uniform_base_alt,uniform_base_nyi_alt.iff,0A,0x4B2ED800,0x1680F8,1
nyi,uniform_overlay_home,uniform_nyi_home.iff,0B,0xDBD3800,0x24FD91,1
nyi,uniform_overlay_away,uniform_nyi_away.iff,0B,0xD536800,0x24ECC7,1
nyi,uniform_overlay_alt,uniform_nyi_alt.iff,0B,0xD312000,0x224425,1
nyi,ice,ice_nyi_playoffs.iff,0A,0x3625C000,0x68322,1
nyi,ice,ice_nyi_finals.iff,0A,0x361F4800,0x67297,1
nyi,rink,rink_nyi.iff,0A,0x2830C800,0xD393F5,1
nyi,led,led_nyi.iff,0A,0x4F28000,0x31EBA,1
nyi,arena_presentation,arena_presentation_nyi.iff,0A,0x480F800,0x16C1A,1
nyi,arena,arena_nyi.iff,0A,0xE493800,0x5BC2A9,1
nyi,zamboni,zamboni_nyi.iff,0A,0x372D1800,0x2F865,1
nyi,zamboni_team,zamboni_team_nyi.iff,0A,0x37AA7000,0x349BB,1
nyr,logo,logo_nyr.iff,0B,0x18F68000,0xC77B,1
nyr,uniform_base_home,uniform_base_nyr_home.iff,0A,0x4C387000,0x16EFD5,1
nyr,uniform_base_away,uniform_base_nyr_away.iff,0A,0x4BA16000,0x16A527,1
nyr,uniform_base_alt,uniform_base_nyr_alt.iff,,,,0
nyr,uniform_overlay_home,uniform_nyr_home.iff,0B,0xEB9F800,0x21CFF4,1
nyr,uniform_overlay_away,uniform_nyr_away.iff,0B,0xDE23800,0x21BEE0,1
nyr,uniform_overlay_alt,uniform_nyr_alt.iff,,,,0
nyr,ice,ice_nyr_playoffs.iff,0A,0x36325000,0x61366,1
nyr,ice,ice_nyr_finals.iff,0A,0x362C4800,0x602DE,1
nyr,rink,rink_nyr.iff,0A,0x29046000,0xD9B996,1
nyr,led,led_nyr.iff,0A,0x4F5A000,0x38559,1
nyr,arena_presentation,arena_presentation_nyr.iff,0A,0x4826800,0x1824E,1
nyr,arena,arena_nyr.iff,0A,0xEA50000,0x7162CC,1
nyr,zamboni,zamboni_nyr.iff,0A,0x37301800,0x2F865,1
nyr,zamboni_team,zamboni_team_nyr.iff,0A,0x37ADC000,0x364B6,1
ott,logo,logo_ott.iff,0B,0x18F88800,0xF40D,1
ott,uniform_base_home,uniform_base_ott_home.iff,0A,0x4CABC800,0x1703E7,1
ott,uniform_base_away,uniform_base_ott_away.iff,0A,0x4C667800,0x170957,1
ott,uniform_base_alt,uniform_base_ott_alt.iff,0A,0x4C4F6000,0x171672,1
ott,uniform_overlay_home,uniform_ott_home.iff,0B,0xF5C7000,0x2084AB,1
ott,uniform_overlay_away,uniform_ott_away.iff,0B,0xEFAA800,0x2084A7,1
ott,uniform_overlay_alt,uniform_ott_alt.iff,0B,0xEDBC800,0x1EDF86,1
ott,ice,ice_ott_playoffs.iff,0A,0x363F7000,0x7138B,1
ott,ice,ice_ott_finals.iff,0A,0x36386800,0x70304,1
ott,rink,rink_ott.iff,0A,0x29DE2000,0xDAD8F9,1
ott,led,led_ott.iff,0A,0x4F92800,0x31904,1
ott,arena_presentation,arena_presentation_ott.iff,0A,0x483F000,0x1AA7B,1
ott,arena,arena_ott.iff,0A,0xF166800,0x524E79,1
ott,zamboni,zamboni_ott.iff,0A,0x37331800,0x2F865,1
ott,zamboni_team,zamboni_team_ott.iff,0A,0x37B12800,0x398E7,1
phi,logo,logo_phi.iff,0B,0x18FA8800,0x8FEB,1
phi,uniform_base_home,uniform_base_phi_home.iff,0A,0x4D1E8000,0x16B7EB,1
phi,uniform_base_away,uniform_base_phi_away.iff,0A,0x4CD9B000,0x170566,1
phi,uniform_base_alt,uniform_base_phi_alt.iff,0A,0x4CC2D000,0x16DF1C,1
phi,uniform_overlay_home,uniform_phi_home.iff,0B,0xFFC1800,0x1F08D9,1
phi,uniform_overlay_away,uniform_phi_away.iff,0B,0xF9E6800,0x1EF70F,1
phi,uniform_overlay_alt,uniform_phi_alt.iff,0B,0xF7CF800,0x216915,1
phi,ice,ice_phi_playoffs.iff,0A,0x364C7000,0x5F6B3,1
phi,ice,ice_phi_finals.iff,0A,0x36468800,0x5E629,1
phi,rink,rink_phi.iff,0A,0x2AB90000,0xD9D4FA,1
phi,led,led_phi.iff,0A,0x4FC4800,0x33826,1
phi,arena_presentation,arena_presentation_phi.iff,0A,0x485A000,0x2904E,1
phi,arena,arena_phi.iff,0A,0xF68B800,0x61E68E,1
phi,zamboni,zamboni_phi.iff,0A,0x37361800,0x2F865,1
phi,zamboni_team,zamboni_team_phi.iff,0A,0x37B4C800,0x34073,1
pho,logo,logo_pho.iff,0B,0x18FBB800,0xE353,1
pho,uniform_base_home,uniform_base_pho_home.iff,0A,0x4DE13000,0x1610A0,1
pho,uniform_base_away,uniform_base_pho_away.iff,0A,0x4D4BE800,0x167217,1
pho,uniform_base_alt,uniform_base_pho_alt.iff,0A,0x4D353800,0x16A8CA,1
pho,uniform_overlay_home,uniform_pho_home.iff,0B,0x110E5800,0x2179FC,1
pho,uniform_overlay_away,uniform_pho_away.iff,0B,0x103BD000,0x2179FC,1
pho,uniform_overlay_alt,uniform_pho_alt.iff,0B,0x101B2800,0x20A544,1
pho,ice,ice_pho_playoffs.iff,0A,0x36583000,0x5D209,1
pho,ice,ice_pho_finals.iff,0A,0x36526800,0x5C17F,1
pho,rink,rink_pho.iff,0A,0x2B92D800,0xD9CF88,1
pho,led,led_pho.iff,0A,0x4FF8800,0x31589,1
pho,arena_presentation,arena_presentation_pho.iff,0A,0x4883800,0x48BF5,1
pho,arena,arena_pho.iff,0A,0xFCAA000,0x66FD33,1
pho,zamboni,zamboni_pho.iff,0A,0x37391800,0x2F865,1
pho,zamboni_team,zamboni_team_pho.iff,0A,0x37B81000,0x34479,1
pit,logo,logo_pit.iff,0B,0x18FE3000,0xDE43,1
pit,uniform_base_home,uniform_base_pit_home.iff,0A,0x4EAE2800,0x1737F3,1
pit,uniform_base_away,uniform_base_pit_away.iff,0A,0x4E0DD000,0x172F8D,1
pit,uniform_base_alt,uniform_base_pit_alt.iff,0A,0x4DF74800,0x168301,1
pit,uniform_overlay_home,uniform_pit_home.iff,0B,0x12395800,0x23DC2F,1
pit,uniform_overlay_away,uniform_pit_away.iff,0B,0x11543800,0x23DC42,1
pit,uniform_overlay_alt,uniform_pit_alt.iff,0B,0x112FD800,0x245C7E,1
pit,ice,ice_pit_playoffs.iff,0A,0x3664B800,0x6BC2F,1
pit,ice,ice_pit_finals.iff,0A,0x365E0800,0x6ABC3,1
pit,rink,rink_pit.iff,0A,0x2C6CA800,0xD36EAE,1
pit,led,led_pit.iff,0A,0x502A000,0x36AC4,1
pit,arena_presentation,arena_presentation_pit.iff,0A,0x48CC800,0x1441E,1
pit,arena,arena_pit.iff,0A,0x1031A000,0x53F8EA,1
pit,zamboni,zamboni_pit.iff,0A,0x373C1800,0x2F865,1
pit,zamboni_team,zamboni_team_pit.iff,0A,0x37BB5800,0x34745,1
sjs,logo,logo_sjs.iff,0B,0x1901D800,0xCE9D,1
sjs,uniform_base_home,uniform_base_sjs_home.iff,0A,0x4F638000,0x16903A,1
sjs,uniform_base_away,uniform_base_sjs_away.iff,0A,0x4F1FB800,0x168ED4,1
sjs,uniform_base_alt,uniform_base_sjs_alt.iff,0A,0x4F09A000,0x1616A4,1
sjs,uniform_overlay_home,uniform_sjs_home.iff,0B,0x13464800,0x229DF3,1
sjs,uniform_overlay_away,uniform_sjs_away.iff,0B,0x12DD0800,0x229D79,1
sjs,uniform_overlay_alt,uniform_sjs_alt.iff,0B,0x12BAB800,0x224EFB,1
sjs,ice,ice_sjs_playoffs.iff,0A,0x367A0000,0x672C0,1
sjs,ice,ice_sjs_finals.iff,0A,0x36738800,0x673F8,1
sjs,rink,rink_sjs.iff,0A,0x2DAB0000,0xDA4B81,1
sjs,led,led_sjs.iff,0A,0x5095000,0x40942,1
sjs,arena_presentation,arena_presentation_sjs.iff,0A,0x48E1800,0x8A54D,1
sjs,arena,arena_sjs.iff,0A,0x10FCA000,0x6BF4ED,1
sjs,zamboni,zamboni_sjs.iff,0A,0x374BE000,0x2F865,1
sjs,zamboni_team,zamboni_team_sjs.iff,0A,0x37C25800,0x349F1,1
stl,logo,logo_stl.iff,0B,0x19048800,0xA2A1,1
stl,uniform_base_home,uniform_base_stl_home.iff,0A,0x50051000,0x1758FA,1
stl,uniform_base_away,uniform_base_stl_away.iff,0A,0x4FBEE000,0x17665F,1
stl,uniform_base_alt,uniform_base_stl_alt.iff,0A,0x4FA86800,0x1671C2,1
stl,uniform_overlay_home,uniform_stl_home.iff,0B,0x14300800,0x236EEA,1
stl,uniform_overlay_away,uniform_stl_away.iff,0B,0x13C53800,0x237766,1
stl,uniform_overlay_alt,uniform_stl_alt.iff,0B,0x13A05800,0x24DB5C,1
stl,ice,ice_stl_playoffs.iff,0A,0x368E6800,0x5DC45,1
stl,ice,ice_stl_finals.iff,0A,0x36889800,0x5CBBA,1
stl,rink,rink_stl.iff,0A,0x2EF03800,0xD9D567,1
stl,led,led_stl.iff,0A,0x510A000,0x364F3,1
stl,arena_presentation,arena_presentation_stl.iff,0A,0x496C800,0x16C29,1
stl,arena,arena_stl.iff,0A,0x11830800,0x6D1CB3,1
stl,zamboni,zamboni_stl.iff,0A,0x3751E000,0x2F865,1
stl,zamboni_team,zamboni_team_stl.iff,0A,0x37C96000,0x34BF5,1
tbl,logo,logo_tbl.iff,0B,0x1907A800,0xF55B,1
tbl,uniform_base_home,uniform_base_tbl_home.iff,0A,0x512A3000,0x1721E9,1
tbl,uniform_base_away,uniform_base_tbl_away.iff,0A,0x508E4800,0x175546,1
tbl,uniform_base_alt,uniform_base_tbl_alt.iff,0A,0x50762800,0x18180E,1
tbl,uniform_overlay_home,uniform_tbl_home.iff,0B,0x15C63000,0x220F8E,1
tbl,uniform_overlay_away,uniform_tbl_away.iff,0B,0x14EB5000,0x220F9C,1
tbl,uniform_overlay_alt,uniform_tbl_alt.iff,0B,0x14CB8800,0x1FC525,1
tbl,ice,ice_tbl_playoffs.iff,0A,0x369B3000,0x6F37C,1
tbl,ice,ice_tbl_finals.iff,0A,0x36944800,0x6E2F1,1
tbl,rink,rink_tbl.iff,0A,0x2FCA1000,0xD9AE26,1
tbl,led,led_tbl.iff,0A,0x5140800,0x32F21,1
tbl,arena_presentation,arena_presentation_tbl.iff,0A,0x4983800,0xE57D,1
tbl,arena,arena_tbl.iff,0A,0x11F02800,0x654000,1
tbl,zamboni,zamboni_tbl.iff,0A,0x3754E000,0x2F865,1
tbl,zamboni_team,zamboni_team_tbl.iff,0A,0x37CCB000,0x350EB,1
tor,logo,logo_tor.iff,0B,0x190B1800,0x8C23,1
tor,uniform_base_home,uniform_base_tor_home.iff,0A,0x519A7000,0x160C4A,1
tor,uniform_base_away,uniform_base_tor_away.iff,0A,0x5157D800,0x162A6A,1
tor,uniform_base_alt,uniform_base_tor_alt.iff,0A,0x51415800,0x167C78,1
tor,uniform_overlay_home,uniform_tor_home.iff,0B,0x166AE800,0x1FD828,1
tor,uniform_overlay_away,uniform_tor_away.iff,0B,0x16066000,0x223E2B,1
tor,uniform_overlay_alt,uniform_tor_alt.iff,0B,0x15E84000,0x1E1A0D,1
tor,ice,ice_tor_playoffs.iff,0A,0x36A86000,0x64661,1
tor,ice,ice_tor_finals.iff,0A,0x36A22800,0x635D6,1
tor,rink,rink_tor.iff,0A,0x30A3C000,0xD9B3AB,1
tor,led,led_tor.iff,0A,0x5173800,0x31A97,1
tor,arena_presentation,arena_presentation_tor.iff,0A,0x4992000,0x297C2,1
tor,arena,arena_tor.iff,0A,0x12556800,0x67B753,1
tor,zamboni,zamboni_tor.iff,0A,0x37E27000,0x2F865,1
tor,zamboni_team,zamboni_team_tor.iff,0A,0x37D00800,0x391BD,1
van,logo,logo_van.iff,0B,0x190E5800,0xFD6D,1
van,uniform_base_home,uniform_base_van_home.iff,0A,0x52B8E000,0x16485E,1
van,uniform_base_away,uniform_base_van_away.iff,0A,0x521FE800,0x16600D,1
van,uniform_base_alt,uniform_base_van_alt.iff,0A,0x52099000,0x1653DA,1
van,uniform_overlay_home,uniform_van_home.iff,0B,0x17FDA800,0x20B0FF,1
van,uniform_overlay_away,uniform_van_away.iff,0B,0x172BA800,0x20BD1B,1
van,uniform_overlay_alt,uniform_van_alt.iff,0B,0x17095800,0x224DD0,1
van,ice,ice_van_playoffs.iff,0A,0x36B5E000,0x7431D,1
van,ice,ice_van_finals.iff,0A,0x36AEA800,0x733D6,1
van,rink,rink_van.iff,0A,0x317D7800,0xD41561,1
van,led,led_van.iff,0A,0x51A5800,0x31B1A,1
van,arena_presentation,arena_presentation_van.iff,0A,0x49BB800,0x5C59C,1
van,arena,arena_van.iff,0A,0x12BD2000,0x67EA5F,1
van,zamboni,zamboni_van.iff,0A,0x37E57000,0x2F865,1
van,zamboni_team,zamboni_team_van.iff,0A,0x37D3A000,0x394BA,1
wsh,logo,logo_wsh.iff,0B,0x1912A000,0xAA17,1
wsh,uniform_base_home,uniform_base_wsh_home.iff,0A,0x532B8000,0x16DC5D,1
wsh,uniform_base_away,uniform_base_wsh_away.iff,0A,0x52E67800,0x1708A2,1
wsh,uniform_base_alt,uniform_base_wsh_alt.iff,,,,0
wsh,uniform_overlay_home,uniform_wsh_home.iff,0B,0x188F9000,0x1C6789,1
wsh,uniform_overlay_away,uniform_wsh_away.iff,0B,0x183A2000,0x1C6968,1
wsh,uniform_overlay_alt,uniform_wsh_alt.iff,,,,0
wsh,ice,ice_wsh_playoffs.iff,0A,0x36DB1800,0x61DB3,1
wsh,ice,ice_wsh_finals.iff,0A,0x36D50800,0x60D27,1
wsh,rink,rink_wsh.iff,0A,0x3420D800,0xD9D4FE,1
wsh,led,led_wsh.iff,0A,0x523F800,0x3238D,1
wsh,arena_presentation,arena_presentation_wsh.iff,0A,0x4A19000,0x1F356,1
wsh,arena,arena_wsh.iff,0A,0x13DAF000,0x6C1592,1
wsh,zamboni,zamboni_wsh.iff,0A,0x37EF7800,0x2F865,1
wsh,zamboni_team,zamboni_team_wsh.iff,0A,0x37DEA800,0x341E5,1
global,ui,HighlightCreate.iff,0B,0x3727b800,0x1ffa68,1
global,ui,Loading.iff,0A,0x101f800,0x1298e8,1
global,arena_presentation,arena_presentation_generic.iff,0A,0x4606800,0x2135f,1
global,ui,awardroom.iff,0B,0x36c8f000,0x35dcc4,1
global,ui,crowdanim.iff,0A,0x37f27800,0x2d23dc,1
global,ui,franchise.iff,0B,0x370eb000,0x121b13,1
global,ui,frontend_sync.iff,0A,0x3c8d000,0x1598b4,1
global,ui,gamedata.iff,0A,0x3f75000,0x324958,1
global,ui,global.iff,0A,0x1149800,0x298535c,1
global,ui,jukebox.iff,0B,0x3753b800,0x4c11f,1
global,ui,online.iff,0A,0x3de7000,0x103639,1
global,overlay,overlay_static.iff,0B,0x36949000,0x15a705,1
global,overlay,overlay_static_skills.iff,0B,0x36aa3800,0xa859f,1
global,overlay,overlay_wipes.iff,0B,0x36b4c000,0x140e0c,1
players,player_face,player_head_id_1037.iff,0B,0x260e2000,0xf3e32,1
players,player_face,player_head_id_1038.iff,0B,0x261d6000,0xfaefe,1
players,player_face,player_head_id_1053.iff,0B,0x262d1000,0xefa10,1
players,player_face,player_head_id_1054.iff,0B,0x263c1000,0xf38c6,1
players,player_face,player_head_id_1064.iff,0B,0x264b5000,0xf207f,1
players,player_face,player_head_id_1128.iff,0B,0x265a7800,0xf36eb,1
players,player_face,player_head_id_1130.iff,0B,0x2669b000,0xfd2d0,1
players,player_face,player_head_id_1159.iff,0B,0x26798800,0xf3486,1
players,player_face,player_head_id_1167.iff,0B,0x2688c000,0xef7bd,1
players,player_face,player_head_id_1176.iff,0B,0x2697b800,0xebbb3,1
players,player_face,player_head_id_1185.iff,0B,0x26a67800,0xf62b3,1
players,player_face,player_head_id_1199.iff,0B,0x26b5e000,0xfb81c,1
players,player_face,player_head_id_1200.iff,0B,0x26c5a000,0xf423a,1
players,player_face,player_head_id_1212.iff,0B,0x26d4e800,0xf9d78,1
players,player_face,player_head_id_1220.iff,0B,0x26e48800,0xf7a87,1
players,player_face,player_head_id_1222.iff,0B,0x26f40800,0xfd5a0,1
players,player_face,player_head_id_1393.iff,0B,0x2703e000,0xef246,1
players,player_face,player_head_id_1405.iff,0B,0x2712d800,0xf6aa5,1
players,player_face,player_head_id_1406.iff,0B,0x27224800,0xf28f3,1
players,player_face,player_head_id_1418.iff,0B,0x27317800,0xfb850,1
players,player_face,player_head_id_1428.iff,0B,0x27413800,0xfabc2,1
players,player_face,player_head_id_1433.iff,0B,0x2750e800,0xf5a4e,1
players,player_face,player_head_id_1434.iff,0B,0x27604800,0xefb46,1
players,player_face,player_head_id_1435.iff,0B,0x276f4800,0xf02a3,1
players,player_face,player_head_id_1453.iff,0B,0x277e5000,0xf987b,1
players,player_face,player_head_id_1455.iff,0B,0x278df000,0xf24e5,1
players,player_face,player_head_id_1457.iff,0B,0x279d1800,0xfc07a,1
players,player_face,player_head_id_1458.iff,0B,0x27ace000,0xf0f20,1
players,player_face,player_head_id_1460.iff,0B,0x27bbf000,0xf1da1,1
players,player_face,player_head_id_1468.iff,0B,0x27cb1000,0xdc9df,1
players,player_face,player_head_id_1469.iff,0B,0x27d8e000,0xf5cc6,1
players,player_face,player_head_id_1470.iff,0B,0x27e84000,0xf41af,1
players,player_face,player_head_id_1471.iff,0B,0x27f78800,0xf4f17,1
players,player_face,player_head_id_1472.iff,0B,0x2806d800,0xfb1e3,1
players,player_face,player_head_id_1481.iff,0B,0x28169000,0xf2221,1
players,player_face,player_head_id_1486.iff,0B,0x2825b800,0xf64cc,1
players,player_face,player_head_id_1508.iff,0B,0x28352000,0xf5a82,1
players,player_face,player_head_id_1516.iff,0B,0x28448000,0xd891e,1
players,player_face,player_head_id_1518.iff,0B,0x28521000,0xf3842,1
players,player_face,player_head_id_1520.iff,0B,0x28615000,0xf910c,1
players,player_face,player_head_id_1525.iff,0B,0x2870e800,0xd034e,1
players,player_face,player_head_id_1535.iff,0B,0x287df000,0xf5f28,1
players,player_face,player_head_id_1544.iff,0B,0x288d5000,0xf5de8,1
players,player_face,player_head_id_1545.iff,0B,0x289cb000,0xf5e39,1
players,player_face,player_head_id_1578.iff,0B,0x28ac1000,0xf52c7,1
players,player_face,player_head_id_1580.iff,0B,0x28bb6800,0xec0ad,1
players,player_face,player_head_id_1582.iff,0B,0x28ca3000,0xfbf2c,1
players,player_face,player_head_id_1590.iff,0B,0x28d9f000,0xee409,1
players,player_face,player_head_id_1597.iff,0B,0x28e8d800,0xf8a86,1
players,player_face,player_head_id_1608.iff,0B,0x28f86800,0xfd8a0,1
players,player_face,player_head_id_1614.iff,0B,0x29084800,0xf2301,1
players,player_face,player_head_id_1622.iff,0B,0x29177000,0xf9bd7,1
players,player_face,player_head_id_1625.iff,0B,0x29271000,0xf9bfe,1
players,player_face,player_head_id_1626.iff,0B,0x2936b000,0xf7569,1
players,player_face,player_head_id_1627.iff,0B,0x29462800,0xfe8be,1
players,player_face,player_head_id_1628.iff,0B,0x29561800,0xe2ba1,1
players,player_face,player_head_id_1629.iff,0B,0x29644800,0xfe1b5,1
players,player_face,player_head_id_1630.iff,0B,0x29743000,0xfc878,1
players,player_face,player_head_id_1631.iff,0B,0x29840000,0xe90e0,1
players,player_face,player_head_id_1632.iff,0B,0x29929800,0xf5046,1
players,player_face,player_head_id_1633.iff,0B,0x29a1f000,0xf5b7b,1
players,player_face,player_head_id_1635.iff,0B,0x29b15000,0xee486,1
players,player_face,player_head_id_1636.iff,0B,0x29c03800,0xf7244,1
players,player_face,player_head_id_1642.iff,0B,0x29cfb000,0xf7b76,1
players,player_face,player_head_id_1647.iff,0B,0x29df3000,0xf9d4e,1
players,player_face,player_head_id_1648.iff,0B,0x29eed000,0xfabdb,1
players,player_face,player_head_id_1663.iff,0B,0x29fe8000,0xf8120,1
players,player_face,player_head_id_1667.iff,0B,0x2a0e0800,0xf1e0b,1
players,player_face,player_head_id_1670.iff,0B,0x2a1d2800,0xf2c76,1
players,player_face,player_head_id_1678.iff,0B,0x2a2c5800,0xfbaf8,1
players,player_face,player_head_id_1688.iff,0B,0x2a3c1800,0xf5d76,1
players,player_face,player_head_id_1689.iff,0B,0x2a4b7800,0xf799d,1
players,player_face,player_head_id_1692.iff,0B,0x2a5af800,0xf632e,1
players,player_face,player_head_id_1693.iff,0B,0x2a6a6000,0xec158,1
players,player_face,player_head_id_1694.iff,0B,0x2a792800,0xf9561,1
players,player_face,player_head_id_1695.iff,0B,0x2a88c000,0xfb8c8,1
players,player_face,player_head_id_1698.iff,0B,0x2a988000,0xf5f75,1
players,player_face,player_head_id_1699.iff,0B,0x2aa7e000,0xfc3e2,1
players,player_face,player_head_id_1703.iff,0B,0x2ab7a800,0xf83e7,1
players,player_face,player_head_id_1704.iff,0B,0x2ac73000,0xfb2fb,1
players,player_face,player_head_id_1705.iff,0B,0x2ad6e800,0xf6da3,1
players,player_face,player_head_id_1707.iff,0B,0x2ae65800,0xf87e3,1
players,player_face,player_head_id_1708.iff,0B,0x2af5e000,0xf8278,1
players,player_face,player_head_id_1710.iff,0B,0x2b056800,0xfc615,1
players,player_face,player_head_id_1712.iff,0B,0x2b153000,0xf7aa8,1
players,player_face,player_head_id_1713.iff,0B,0x2b24b000,0xf0f6a,1
players,player_face,player_head_id_1715.iff,0B,0x2b33c000,0xfbbad,1
players,player_face,player_head_id_1716.iff,0B,0x2b438000,0xf5c93,1
players,player_face,player_head_id_1721.iff,0B,0x2b52e000,0xff838,1
players,player_face,player_head_id_1724.iff,0B,0x2b62e000,0xfcad1,1
players,player_face,player_head_id_1725.iff,0B,0x2b72b000,0xfb6c2,1
players,player_face,player_head_id_1727.iff,0B,0x2b826800,0x101337,1
players,player_face,player_head_id_1728.iff,0B,0x2b928000,0xdc81f,1
players,player_face,player_head_id_1735.iff,0B,0x2ba05000,0xfb976,1
players,player_face,player_head_id_1737.iff,0B,0x2bb01000,0xfb5ec,1
players,player_face,player_head_id_1747.iff,0B,0x2bbfc800,0x100a6e,1
players,player_face,player_head_id_1752.iff,0B,0x2bcfd800,0xf73d5,1
players,player_face,player_head_id_1763.iff,0B,0x2bdf5000,0xf58b5,1
players,player_face,player_head_id_1764.iff,0B,0x2beeb000,0xfd79b,1
players,player_face,player_head_id_1765.iff,0B,0x2bfe8800,0xf9ac9,1
players,player_face,player_head_id_1766.iff,0B,0x2c0e2800,0xff599,1
players,player_face,player_head_id_1776.iff,0B,0x2c1e2000,0xfc454,1
players,player_face,player_head_id_1779.iff,0B,0x2c2de800,0xf8274,1
players,player_face,player_head_id_1780.iff,0B,0x2c3d7000,0xf87c6,1
players,player_face,player_head_id_1781.iff,0B,0x2c4cf800,0xf8bbb,1
players,player_face,player_head_id_1782.iff,0B,0x2c5c8800,0xfc3af,1
players,player_face,player_head_id_1798.iff,0B,0x2c6c5000,0xfe3d4,1
players,player_face,player_head_id_1810.iff,0B,0x2c7c3800,0xfda1c,1
players,player_face,player_head_id_1811.iff,0B,0x2c8c1800,0xf7af3,1
players,player_face,player_head_id_1823.iff,0B,0x2c9b9800,0xf4b66,1
players,player_face,player_head_id_1825.iff,0B,0x2caae800,0xe18c0,1
players,player_face,player_head_id_1852.iff,0B,0x2cb90800,0xf64f7,1
players,player_face,player_head_id_1853.iff,0B,0x2cc87000,0xfa7f7,1
players,player_face,player_head_id_1854.iff,0B,0x2cd81800,0xf80b9,1
players,player_face,player_head_id_1855.iff,0B,0x2ce7a000,0xfec8b,1
players,player_face,player_head_id_1856.iff,0B,0x2cf79000,0xf9ba2,1
players,player_face,player_head_id_1860.iff,0B,0x2d073000,0xf9914,1
players,player_face,player_head_id_1867.iff,0B,0x2d16d000,0xf0a43,1
players,player_face,player_head_id_1868.iff,0B,0x2d25e000,0xf9d45,1
players,player_face,player_head_id_1869.iff,0B,0x2d358000,0xf69cc,1
players,player_face,player_head_id_1871.iff,0B,0x2d44f000,0xf68b5,1
players,player_face,player_head_id_1873.iff,0B,0x2d546000,0xfced6,1
players,player_face,player_head_id_1875.iff,0B,0x2d643000,0xf441c,1
players,player_face,player_head_id_1877.iff,0B,0x2d737800,0xf7c26,1
players,player_face,player_head_id_1885.iff,0B,0x2d82f800,0x100e85,1
players,player_face,player_head_id_1887.iff,0B,0x2d930800,0xf79f2,1
players,player_face,player_head_id_1921.iff,0B,0x2da28800,0xeee18,1
players,player_face,player_head_id_2208.iff,0B,0x2db17800,0xfc1f5,1
players,player_face,player_head_id_2209.iff,0B,0x2dc14000,0xf85d0,1
players,player_face,player_head_id_2211.iff,0B,0x2dd0c800,0xf6156,1
players,player_face,player_head_id_2230.iff,0B,0x2de03000,0xfdcc7,1
players,player_face,player_head_id_2235.iff,0B,0x2df01000,0xf5e23,1
players,player_face,player_head_id_2248.iff,0B,0x2dff7000,0xfccdc,1
players,player_face,player_head_id_2254.iff,0B,0x2e0f4000,0xf7fe3,1
players,player_face,player_head_id_2258.iff,0B,0x2e1ec000,0xf955b,1
players,player_face,player_head_id_2264.iff,0B,0x2e2e5800,0xfd886,1
players,player_face,player_head_id_2270.iff,0B,0x2e3e3800,0xfadb2,1
players,player_face,player_head_id_2273.iff,0B,0x2e4de800,0xfea31,1
players,player_face,player_head_id_2283.iff,0B,0x2e5dd800,0xef8ae,1
players,player_face,player_head_id_2285.iff,0B,0x2e6cd800,0xfb5ac,1
players,player_face,player_head_id_2286.iff,0B,0x2e7c9000,0xfe588,1
players,player_face,player_head_id_2295.iff,0B,0x2e8c7800,0xfb6be,1
players,player_face,player_head_id_2300.iff,0B,0x2e9c3000,0xf1873,1
players,player_face,player_head_id_2301.iff,0B,0x2eab5000,0xf8e99,1
players,player_face,player_head_id_2302.iff,0B,0x2ebae000,0xfe4c7,1
players,player_face,player_head_id_2304.iff,0B,0x2ecac800,0xfd1ba,1
players,player_face,player_head_id_2305.iff,0B,0x2edaa000,0xfb3c2,1
players,player_face,player_head_id_2307.iff,0B,0x2eea5800,0xf6959,1
players,player_face,player_head_id_2342.iff,0B,0x2ef9c800,0xfe4f1,1
players,player_face,player_head_id_2357.iff,0B,0x2f09b000,0xfb72c,1
players,player_face,player_head_id_2358.iff,0B,0x2f196800,0xffd3f,1
players,player_face,player_head_id_2359.iff,0B,0x2f296800,0x100706,1
players,player_face,player_head_id_2364.iff,0B,0x2f397000,0xf41c8,1
players,player_face,player_head_id_2365.iff,0B,0x2f48b800,0xf61a2,1
players,player_face,player_head_id_3001.iff,0B,0x2f582000,0xfa6dd,1
players,player_face,player_head_id_3003.iff,0B,0x2f67c800,0xfa906,1
players,player_face,player_head_id_3007.iff,0B,0x2f777800,0xf7198,1
players,player_face,player_head_id_3015.iff,0B,0x2f86f000,0xf718a,1
players,player_face,player_head_id_3016.iff,0B,0x2f966800,0xfa0b2,1
players,player_face,player_head_id_3017.iff,0B,0x2fa61000,0xedb5c,1
players,player_face,player_head_id_3023.iff,0B,0x2fb4f000,0xf7e08,1
players,player_face,player_head_id_3027.iff,0B,0x2fc47000,0xf5418,1
players,player_face,player_head_id_3032.iff,0B,0x2fd3c800,0xfb7b8,1
players,player_face,player_head_id_3038.iff,0B,0x2fe38000,0xf6baa,1
players,player_face,player_head_id_3040.iff,0B,0x2ff2f000,0xf562f,1
players,player_face,player_head_id_4206.iff,0B,0x30024800,0xfb83f,1
players,player_face,player_head_id_4618.iff,0B,0x30120800,0xf3e87,1
players,player_face,player_head_id_4845.iff,0B,0x30214800,0xf8e16,1
players,player_face,player_head_id_5025.iff,0B,0x3030d800,0xf2f3a,1
players,player_face,player_head_id_5154.iff,0B,0x30400800,0xf570f,1
players,player_face,player_head_id_5173.iff,0B,0x304f6000,0xfb11a,1
players,player_face,player_head_id_5327.iff,0B,0x305f1800,0xee909,1
players,player_face,player_head_id_5521.iff,0B,0x306e0800,0xf7b35,1
players,player_face,player_head_id_5600.iff,0B,0x307d8800,0xf5a22,1
players,player_face,player_head_id_5602.iff,0B,0x308ce800,0xf0bbe,1
players,player_face,player_head_id_5606.iff,0B,0x309bf800,0xfdc9c,1
players,player_face,player_head_id_5607.iff,0B,0x30abd800,0xf48d2,1
players,player_face,player_head_id_5609.iff,0B,0x30bb2800,0xfa48e,1
players,player_face,player_head_id_5628.iff,0B,0x30cad000,0xfacc1,1
players,player_face,player_head_id_5630.iff,0B,0x30da8000,0xfebf4,1
players,player_face,player_head_id_5636.iff,0B,0x30ea7000,0xf32d1,1
players,player_face,player_head_id_5643.iff,0B,0x30f9a800,0xfaa43,1
players,player_face,player_head_id_5689.iff,0B,0x31095800,0xf717f,1
players,player_face,player_head_id_6001.iff,0B,0x3118d000,0xfc098,1
players,player_face,player_head_id_6002.iff,0B,0x31289800,0xfe525,1
players,player_face,player_head_id_6003.iff,0B,0x31388000,0x10414d,1
players,player_face,player_head_id_6004.iff,0B,0x3148c800,0xf9010,1
players,player_face,player_head_id_6005.iff,0B,0x31586000,0x100a24,1
players,player_face,player_head_id_6006.iff,0B,0x31687000,0xfaf6a,1
players,player_face,player_head_id_6007.iff,0B,0x31782000,0xf74e4,1
players,player_face,player_head_id_6008.iff,0B,0x31879800,0xf1c4b,1
players,player_face,player_head_id_6009.iff,0B,0x3196b800,0xed00d,1
players,player_face,player_head_id_6010.iff,0B,0x31a59000,0x101b2a,1
players,player_face,player_head_id_6011.iff,0B,0x31b5b000,0xfd3c1,1
players,player_face,player_head_id_6012.iff,0B,0x31c58800,0xfb5fd,1
players,player_face,player_head_id_6013.iff,0B,0x31d54000,0xfae0b,1
players,player_face,player_head_id_6014.iff,0B,0x31e4f000,0xfe0ae,1
players,player_face,player_head_id_6015.iff,0B,0x31f4d800,0xfb12e,1
players,player_face,player_head_id_6016.iff,0B,0x32049000,0xfb053,1
players,player_face,player_head_id_6017.iff,0B,0x32144800,0xfa953,1
players,player_face,player_head_id_6018.iff,0B,0x3223f800,0xfa3c0,1
players,player_face,player_head_id_6019.iff,0B,0x3233a000,0xfc8a6,1
players,player_face,player_head_id_6020.iff,0B,0x32437000,0xff1e2,1
players,player_face,player_head_id_6021.iff,0B,0x32536800,0xe9a63,1
players,player_face,player_head_id_6022.iff,0B,0x32620800,0xfc6fd,1
players,player_face,player_head_id_6023.iff,0B,0x3271d000,0xfb832,1
players,player_face,player_head_id_6024.iff,0B,0x32819000,0xff126,1
players,player_face,player_head_id_6026.iff,0B,0x32918800,0xf22f7,1
players,player_face,player_head_id_6027.iff,0B,0x32a0b000,0xfb4ff,1
players,player_face,player_head_id_6028.iff,0B,0x32b06800,0xfcd61,1
players,player_face,player_head_id_6029.iff,0B,0x32c03800,0xfddc1,1
players,player_face,player_head_id_6030.iff,0B,0x32d01800,0x100278,1
players,player_face,player_head_id_6031.iff,0B,0x32e02000,0xfa446,1
players,player_face,player_head_id_6038.iff,0B,0x32efc800,0xfc621,1
players,player_face,player_head_id_8000.iff,0B,0x1bbf8800,0xd69b3,1
players,player_face,player_head_id_8001.iff,0B,0x1bccf800,0xc6e93,1
players,player_face,player_head_id_8002.iff,0B,0x1bd96800,0xcc5e9,1
players,player_face,player_head_id_8003.iff,0B,0x1be63000,0xc6109,1
players,player_face,player_head_id_8004.iff,0B,0x1bf29800,0xe524a,1
players,player_face,player_head_id_8005.iff,0B,0x1c00f000,0xdc648,1
players,player_face,player_head_id_8006.iff,0B,0x1c0eb800,0xf5b96,1
players,player_face,player_head_id_8007.iff,0B,0x1c1e1800,0xd8a9b,1
players,player_face,player_head_id_8500.iff,0B,0x32ff9000,0xf877e,1
players,player_face,player_head_id_8501.iff,0B,0x330f1800,0xf4780,1
players,player_face,player_head_id_8502.iff,0B,0x331e6000,0xfcea9,1
players,player_face,player_head_id_8503.iff,0B,0x332e3000,0xfb6b5,1
players,player_face,player_head_id_8504.iff,0B,0x333de800,0xff0d1,1
players,player_face,player_head_id_8505.iff,0B,0x334de000,0xf29b6,1
players,player_face,player_head_id_8506.iff,0B,0x335d1000,0xf7352,1
players,player_face,player_head_id_8507.iff,0B,0x336c8800,0xdc280,1
players,player_face,player_head_id_8508.iff,0B,0x337a5000,0xde5ca,1
players,player_face,player_head_id_8509.iff,0B,0x33883800,0xde632,1
players,player_face,player_head_id_8510.iff,0B,0x33962000,0x103a51,1
players,player_face,player_head_id_8511.iff,0B,0x33a66000,0xf94ee,1
players,player_face,player_head_id_8512.iff,0B,0x33b5f800,0xfbfcc,1
players,player_face,player_head_id_8513.iff,0B,0x33c5b800,0xf53f3,1
players,player_face,player_head_id_8514.iff,0B,0x33d51000,0xfd827,1
players,player_face,player_head_id_8515.iff,0B,0x33e4f000,0xe74a9,1
players,player_face,player_head_id_8516.iff,0B,0x33f36800,0xecbcc,1
players,player_face,player_head_id_8517.iff,0B,0x34023800,0xf0b60,1
players,player_face,player_head_id_8518.iff,0B,0x34114800,0xe29fc,1
players,player_face,player_head_id_8519.iff,0B,0x341f7800,0xe2972,1
players,player_face,player_head_id_8520.iff,0B,0x342da800,0xf4265,1
players,player_face,player_head_id_8521.iff,0B,0x343cf000,0xf4267,1
players,player_face,player_head_id_8522.iff,0B,0x344c3800,0xf2750,1
players,player_face,player_head_id_8523.iff,0B,0x345b6000,0xf9097,1
players,player_face,player_head_id_8524.iff,0B,0x346af800,0x1012c0,1
players,player_face,player_head_id_8525.iff,0B,0x347b1000,0xf8eda,1
players,player_face,player_head_id_8526.iff,0B,0x348aa000,0xf6903,1
players,player_face,player_head_id_8527.iff,0B,0x349a1000,0xf6c36,1
players,player_face,player_head_id_8528.iff,0B,0x34a98000,0xed409,1
players,player_face,player_head_id_8529.iff,0B,0x34b85800,0xed383,1
players,player_face,player_head_id_8530.iff,0B,0x34c73000,0xfa577,1
players,player_face,player_head_id_8531.iff,0B,0x34d6d800,0xf963b,1
players,player_face,player_head_id_8532.iff,0B,0x34e67000,0xefc8f,1
players,player_face,player_head_id_8533.iff,0B,0x34f57000,0xf0a17,1
players,player_face,player_head_id_8534.iff,0B,0x35048000,0xfa891,1
players,player_face,player_head_id_8535.iff,0B,0x35143000,0xfa30a,1
players,player_face,player_head_id_8536.iff,0B,0x3523d800,0xf7a69,1
players,player_face,player_head_id_8537.iff,0B,0x35335800,0xec40c,1
players,player_face,player_head_id_8538.iff,0B,0x35422000,0xdb98d,1
players,player_face,player_head_id_8539.iff,0B,0x354fe000,0xdb98c,1
players,player_face,player_head_id_8540.iff,0B,0x355da000,0xef0a2,1
players,player_face,player_head_id_8541.iff,0B,0x356c9800,0xef93e,1
players,player_face,player_head_id_8542.iff,0B,0x357b9800,0xfd850,1
players,player_face,player_head_id_8543.iff,0B,0x358b7800,0xf8bf8,1
players,player_face,player_head_id_8544.iff,0B,0x359b0800,0xf90cb,1
players,player_face,player_head_id_8545.iff,0B,0x35aaa000,0xf8f9c,1
players,player_face,player_head_id_8546.iff,0B,0x35ba3000,0x1044d3,1
players,player_face,player_head_id_8547.iff,0B,0x35ca7800,0xf9b0f,1
players,player_face,player_head_id_8548.iff,0B,0x35da1800,0xf9632,1
players,player_face,player_head_id_8549.iff,0B,0x35e9b000,0xeaa7b,1
players,player_face,player_head_id_8550.iff,0B,0x35f86000,0xfe1f5,1
players,player_face,player_head_id_8551.iff,0B,0x36084800,0xf5634,1
players,player_face,player_head_id_8552.iff,0B,0x3617a000,0xfea7c,1
players,player_face,player_head_id_8553.iff,0B,0x36279000,0xfb17c,1
players,player_face,player_head_id_8554.iff,0B,0x36374800,0xfdb16,1
players,player_face,player_head_id_8555.iff,0B,0x36472800,0xe9898,1
players,player_face,player_head_id_8556.iff,0B,0x3655c800,0xf6cdc,1
players,player_face,player_head_id_8557.iff,0B,0x36653800,0xf3f43,1
players,player_face,player_head_id_8558.iff,0B,0x36747800,0xd5bcf,1
players,player_face,player_head_id_8559.iff,0B,0x3681d800,0xd5bce,1
global,ui,playercreate.iff,0B,0x375b9000,0x22c8c,1
global,ui,skillcompetition.iff,0B,0x3692a000,0x1dc3f,1
global,ui,trophyroom.iff,0B,0x378cd000,0x6293c3,1
global,ui,tutorial.iff,0B,0x368f3800,0x3658e,1
frontend,titlepage,titlepage.iff,0A,0xF65800,0xA17A6,1
goalie,goalie_mask,helmet_g01_pattern_01.iff,0B,0x19143000,0x1042A,1
goalie,goalie_mask,helmet_g01_pattern_02.iff,0B,0x19153800,0x10570,1
goalie,goalie_mask,helmet_g01_pattern_03.iff,0B,0x19164000,0x16240,1
goalie,goalie_mask,helmet_g01_pattern_04.iff,0B,0x1917A800,0x18409,1
goalie,goalie_mask,helmet_g01_pattern_05.iff,0B,0x19193000,0xC54D,1
goalie,goalie_mask,helmet_g01_pattern_06.iff,0B,0x1919F800,0x111DF,1
goalie,goalie_mask,helmet_g01_pattern_07.iff,0B,0x191B1000,0x1626B,1
goalie,goalie_mask,helmet_g01_pattern_08.iff,0B,0x191C7800,0xEFC2,1
goalie,goalie_mask,helmet_g01_pattern_09.iff,0B,0x191D6800,0xD20D,1
goalie,goalie_mask,helmet_g01_pattern_10.iff,0B,0x191E4000,0xFF1A,1
goalie,goalie_mask,helmet_g01_pattern_11.iff,0B,0x191F4000,0x1B6B5,1
goalie,goalie_mask,helmet_g01_pattern_12.iff,0B,0x1920F800,0x17C46,1
goalie,goalie_mask,helmet_g01_pattern_13.iff,0B,0x19227800,0x13658,1
goalie,goalie_mask,helmet_g01_pattern_14.iff,0B,0x1923B000,0xB5CA,1
goalie,goalie_mask,helmet_g01_pattern_15.iff,0B,0x19246800,0x8861,1
goalie,goalie_mask,helmet_g01_pattern_16.iff,0B,0x1924F800,0x1A071,1
goalie,goalie_mask,helmet_g01_pattern_17.iff,0B,0x1926A000,0x16061,1
goalie,goalie_mask,helmet_g01_pattern_18.iff,0B,0x19280800,0x1506D,1
goalie,goalie_mask,helmet_g01_pattern_19.iff,0B,0x19296000,0xCA89,1
goalie,goalie_mask,helmet_g01_pattern_20.iff,0B,0x192A3000,0xB981,1
goalie,goalie_mask,helmet_g01_pattern_21.iff,0B,0x192AF000,0x78EE,1
goalie,goalie_mask,helmet_g01_pattern_22.iff,0B,0x192B7000,0x8124,1
goalie,goalie_mask,helmet_g01_pattern_23.iff,0B,0x192BF800,0xCEF6,1
goalie,goalie_mask,helmet_g01_pattern_24.iff,0B,0x192CC800,0x7397,1
goalie,goalie_mask,helmet_g01_pattern_25.iff,0B,0x192D4000,0xA830,1
goalie,goalie_mask,helmet_g01_pattern_26.iff,0B,0x192DF000,0x20136,1
goalie,goalie_mask,helmet_g01_pattern_27.iff,0B,0x192FF800,0x1CC1D,1
goalie,goalie_mask,helmet_g01_pattern_28.iff,0B,0x1931C800,0xAE9F,1
goalie,goalie_mask,helmet_g01_pattern_29.iff,0B,0x19327800,0x15C18,1
goalie,goalie_mask,helmet_g01_pattern_30.iff,0B,0x1933D800,0x1216C,1
goalie,goalie_mask,helmet_g01_pattern_31.iff,0B,0x19350000,0x8635,1
goalie,goalie_pad,pad_g01.iff,0B,0x196A3800,0xA10D6,1
goalie,goalie_pad_logo,pad_g01_logos.iff,0B,0x19745000,0x3E1D,1
goalie,goalie_blocker,blocker_g01.iff,0B,0x1A3E5000,0x9EF3B,1
goalie,goalie_blocker_logo,blocker_g01_logos_l.iff,0B,0x1A484000,0x48A9,1
goalie,goalie_blocker_logo,blocker_g01_logos_r.iff,0B,0x1A489000,0x488F,1
goalie,goalie_catcher,catcher_g01.iff,0B,0x1AF7B000,0x9BD22,1
goalie,goalie_catcher_logo,catcher_g01_logos_l.iff,0B,0x1B017000,0x7321,1
goalie,goalie_catcher_logo,catcher_g01_logos_r.iff,0B,0x1B01E800,0x5977,1
goalie,goalie_mask,helmet_g02_pattern_01.iff,0B,0x19359000,0xEBB,1
goalie,goalie_mask,helmet_g02_pattern_02.iff,0B,0x1935A000,0x20B5,1
goalie,goalie_mask,helmet_g02_pattern_03.iff,0B,0x1935C800,0x7269,1
goalie,goalie_mask,helmet_g02_pattern_04.iff,0B,0x19364000,0x96BE,1
goalie,goalie_mask,helmet_g02_pattern_05.iff,0B,0x1936D800,0x221B4,1
goalie,goalie_pad,pad_g02.iff,0B,0x19749000,0xA30EE,1
goalie,goalie_pad_logo,pad_g02_logos.iff,0B,0x197EC800,0x51EA,1
goalie,goalie_blocker,blocker_g02.iff,0B,0x1A48E000,0x9D848,1
goalie,goalie_blocker_logo,blocker_g02_logos_l.iff,0B,0x1A52C000,0x5431,1
goalie,goalie_blocker_logo,blocker_g02_logos_r.iff,0B,0x1A531800,0x5681,1
goalie,goalie_catcher,catcher_g02.iff,0B,0x1B024800,0x97320,1
goalie,goalie_catcher_logo,catcher_g02_logos_l.iff,0B,0x1B0BC000,0x7317,1
goalie,goalie_catcher_logo,catcher_g02_logos_r.iff,0B,0x1B0C3800,0x74CE,1
goalie,goalie_mask,helmet_g03_pattern_01.iff,0B,0x19390800,0xEBB,1
goalie,goalie_mask,helmet_g03_pattern_02.iff,0B,0x19391800,0x20B5,1
goalie,goalie_mask,helmet_g03_pattern_03.iff,0B,0x19394000,0x7269,1
goalie,goalie_mask,helmet_g03_pattern_04.iff,0B,0x1939B800,0x96BF,1
goalie,goalie_mask,helmet_g03_pattern_05.iff,0B,0x193A5000,0x221B4,1
goalie,goalie_pad,pad_g03.iff,0B,0x197F2000,0x9E5C6,1
goalie,goalie_pad_logo,pad_g03_logos.iff,0B,0x19890800,0x35E7,1
goalie,goalie_blocker,blocker_g03.iff,0B,0x1A537000,0xA0CD2,1
goalie,goalie_blocker_logo,blocker_g03_logos_l.iff,0B,0x1A5D8000,0x53E7,1
goalie,goalie_blocker_logo,blocker_g03_logos_r.iff,0B,0x1A5DD800,0x5495,1
goalie,goalie_catcher,catcher_g03.iff,0B,0x1B0CB000,0x9C0BD,1
goalie,goalie_catcher_logo,catcher_g03_logos_l.iff,0B,0x1B167800,0x8A6E,1
goalie,goalie_catcher_logo,catcher_g03_logos_r.iff,0B,0x1B170800,0x8A54,1
goalie,goalie_mask,helmet_g04_pattern_01.iff,0B,0x193C8000,0x1042A,1
goalie,goalie_mask,helmet_g04_pattern_02.iff,0B,0x193D8800,0x10570,1
goalie,goalie_mask,helmet_g04_pattern_03.iff,0B,0x193E9000,0x161DA,1
goalie,goalie_mask,helmet_g04_pattern_04.iff,0B,0x193FF800,0x18409,1
goalie,goalie_mask,helmet_g04_pattern_05.iff,0B,0x19418000,0xC54D,1
goalie,goalie_mask,helmet_g04_pattern_06.iff,0B,0x19424800,0x111DF,1
goalie,goalie_mask,helmet_g04_pattern_07.iff,0B,0x19436000,0x162D5,1
goalie,goalie_mask,helmet_g04_pattern_08.iff,0B,0x1944C800,0xEFC2,1
goalie,goalie_mask,helmet_g04_pattern_09.iff,0B,0x1945B800,0xD20D,1
goalie,goalie_mask,helmet_g04_pattern_10.iff,0B,0x19469000,0xFF1A,1
goalie,goalie_mask,helmet_g04_pattern_11.iff,0B,0x19479000,0x1B6B5,1
goalie,goalie_mask,helmet_g04_pattern_12.iff,0B,0x19494800,0x17C46,1
goalie,goalie_mask,helmet_g04_pattern_13.iff,0B,0x194AC800,0x13659,1
goalie,goalie_mask,helmet_g04_pattern_14.iff,0B,0x194C0000,0xB624,1
goalie,goalie_mask,helmet_g04_pattern_15.iff,0B,0x194CB800,0x8861,1
goalie,goalie_mask,helmet_g04_pattern_16.iff,0B,0x194D4800,0x1A098,1
goalie,goalie_mask,helmet_g04_pattern_17.iff,0B,0x194EF000,0x15D78,1
goalie,goalie_mask,helmet_g04_pattern_18.iff,0B,0x19505000,0x1506D,1
goalie,goalie_mask,helmet_g04_pattern_19.iff,0B,0x1951A800,0xCAB4,1
goalie,goalie_mask,helmet_g04_pattern_20.iff,0B,0x19527800,0xB981,1
goalie,goalie_mask,helmet_g04_pattern_21.iff,0B,0x19533800,0x78EE,1
goalie,goalie_mask,helmet_g04_pattern_22.iff,0B,0x1953B800,0x8124,1
goalie,goalie_mask,helmet_g04_pattern_23.iff,0B,0x19544000,0xCF5E,1
goalie,goalie_mask,helmet_g04_pattern_24.iff,0B,0x19551000,0x7397,1
goalie,goalie_mask,helmet_g04_pattern_25.iff,0B,0x19558800,0xA830,1
goalie,goalie_mask,helmet_g04_pattern_26.iff,0B,0x19563800,0x20136,1
goalie,goalie_mask,helmet_g04_pattern_27.iff,0B,0x19584000,0x1CC1D,1
goalie,goalie_mask,helmet_g04_pattern_28.iff,0B,0x195A1000,0xAE9F,1
goalie,goalie_mask,helmet_g04_pattern_29.iff,0B,0x195AC000,0x15C18,1
goalie,goalie_mask,helmet_g04_pattern_30.iff,0B,0x195C2000,0x1216C,1
goalie,goalie_mask,helmet_g04_pattern_31.iff,0B,0x195D4800,0x8635,1
goalie,goalie_pad,pad_g04.iff,0B,0x19894000,0x9E80A,1
goalie,goalie_pad_logo,pad_g04_logos.iff,0B,0x19933000,0x35E7,1
goalie,goalie_blocker,blocker_g04.iff,0B,0x1A5E3000,0x9B56C,1
goalie,goalie_blocker_logo,blocker_g04_logos_l.iff,0B,0x1A67E800,0x4035,1
goalie,goalie_blocker_logo,blocker_g04_logos_r.iff,0B,0x1A683000,0x3FCA,1
goalie,goalie_catcher,catcher_g04.iff,0B,0x1B179800,0x90716,1
goalie,goalie_catcher_logo,catcher_g04_logos_l.iff,0B,0x1B20A000,0xA773,1
goalie,goalie_catcher_logo,catcher_g04_logos_r.iff,0B,0x1B214800,0xA883,1
goalie,goalie_mask,helmet_g05_pattern_01.iff,0B,0x195DD800,0x8ED,1
goalie,goalie_mask,helmet_g05_pattern_02.iff,0B,0x195DE800,0x10DC,1
goalie,goalie_mask,helmet_g05_pattern_03.iff,0B,0x195E0000,0xBD53,1
goalie,goalie_pad,pad_g05.iff,0B,0x19936800,0x996BE,1
goalie,goalie_pad_logo,pad_g05_logos.iff,0B,0x199D0000,0x1D52,1
goalie,goalie_blocker,blocker_g05.iff,0B,0x1A687000,0x9320F,1
goalie,goalie_blocker_logo,blocker_g05_logos_l.iff,0B,0x1A71A800,0x373B,1
goalie,goalie_blocker_logo,blocker_g05_logos_r.iff,0B,0x1A71E000,0x3580,1
goalie,goalie_catcher,catcher_g05.iff,0B,0x1B21F800,0x9BB5C,1
goalie,goalie_catcher_logo,catcher_g05_logos_l.iff,0B,0x1B2BB800,0x5D3B,1
goalie,goalie_catcher_logo,catcher_g05_logos_r.iff,0B,0x1B2C1800,0x5E98,1
goalie,goalie_mask,helmet_g06_pattern_01.iff,0B,0x195EC800,0x8ED,1
goalie,goalie_mask,helmet_g06_pattern_02.iff,0B,0x195ED800,0x10DC,1
goalie,goalie_mask,helmet_g06_pattern_03.iff,0B,0x195EF000,0xBD53,1
goalie,goalie_pad,pad_g06.iff,0B,0x199D2000,0x9A467,1
goalie,goalie_pad_logo,pad_g06_logos.iff,0B,0x19A6C800,0x1D52,1
goalie,goalie_blocker,blocker_g06.iff,0B,0x1A721800,0x9B903,1
goalie,goalie_blocker_logo,blocker_g06_logos_l.iff,0B,0x1A7BD800,0x2C64,1
goalie,goalie_blocker_logo,blocker_g06_logos_r.iff,0B,0x1A7C0800,0x2D80,1
goalie,goalie_catcher,catcher_g06.iff,0B,0x1B2C7800,0x9E7A5,1
goalie,goalie_catcher_logo,catcher_g06_logos_l.iff,0B,0x1B366000,0x6B1A,1
goalie,goalie_catcher_logo,catcher_g06_logos_r.iff,0B,0x1B36D000,0x6D2D,1
goalie,goalie_pad,pad_g07.iff,0B,0x19A6E800,0xA0C83,1
goalie,goalie_pad_logo,pad_g07_logos.iff,0B,0x19B0F800,0x3850,1
goalie,goalie_blocker,blocker_g07.iff,0B,0x1A7C3800,0x992B2,1
goalie,goalie_blocker_logo,blocker_g07_logos_l.iff,0B,0x1A85D000,0x6324,1
goalie,goalie_blocker_logo,blocker_g07_logos_r.iff,0B,0x1A863800,0x5768,1
goalie,goalie_catcher,catcher_g07.iff,0B,0x1B374000,0xA1A27,1
goalie,goalie_catcher_logo,catcher_g07_logos_l.iff,0B,0x1B416000,0x351B,1
goalie,goalie_catcher_logo,catcher_g07_logos_r.iff,0B,0x1B419800,0x3333,1
goalie,goalie_pad,pad_g08.iff,0B,0x19B13800,0x98094,1
goalie,goalie_pad_logo,pad_g08_logos.iff,0B,0x19BAC000,0x6048,1
goalie,goalie_blocker,blocker_g08.iff,0B,0x1A869000,0x98F8F,1
goalie,goalie_blocker_logo,blocker_g08_logos_l.iff,0B,0x1A902000,0x54C3,1
goalie,goalie_blocker_logo,blocker_g08_logos_r.iff,0B,0x1A907800,0x50CD,1
goalie,goalie_catcher,catcher_g08.iff,0B,0x1B41D000,0xA8236,1
goalie,goalie_catcher_logo,catcher_g08_logos_l.iff,0B,0x1B4C5800,0x4DE9,1
goalie,goalie_catcher_logo,catcher_g08_logos_r.iff,0B,0x1B4CA800,0x581B,1
goalie,goalie_pad,pad_g09.iff,0B,0x19BB2800,0xA906F,1
goalie,goalie_pad_logo,pad_g09_logos.iff,0B,0x19C5C000,0x6048,1
goalie,goalie_blocker,blocker_g09.iff,0B,0x1A90D000,0x9D14E,1
goalie,goalie_blocker_logo,blocker_g09_logos_l.iff,0B,0x1A9AA800,0x5F73,1
goalie,goalie_blocker_logo,blocker_g09_logos_r.iff,0B,0x1A9B0800,0x5F89,1
goalie,goalie_catcher,catcher_g09.iff,0B,0x1B4D0800,0x97CAB,1
goalie,goalie_catcher_logo,catcher_g09_logos_l.iff,0B,0x1B568800,0x565A,1
goalie,goalie_catcher_logo,catcher_g09_logos_r.iff,0B,0x1B56E000,0x5607,1
goalie,goalie_pad,pad_g10.iff,0B,0x19C62800,0x94498,1
goalie,goalie_pad_logo,pad_g10_logos.iff,0B,0x19CF7000,0x53D6,1
goalie,goalie_blocker,blocker_g10.iff,0B,0x1A9B6800,0x9377F,1
goalie,goalie_blocker_logo,blocker_g10_logos_l.iff,0B,0x1AA4A000,0x4974,1
goalie,goalie_blocker_logo,blocker_g10_logos_r.iff,0B,0x1AA4F000,0x42E8,1
goalie,goalie_catcher,catcher_g10.iff,0B,0x1B573800,0x9E67A,1
goalie,goalie_catcher_logo,catcher_g10_logos_l.iff,0B,0x1B612000,0x640C,1
goalie,goalie_catcher_logo,catcher_g10_logos_r.iff,0B,0x1B618800,0x630E,1
goalie,goalie_pad,pad_g11.iff,0B,0x19CFC800,0x99690,1
goalie,goalie_pad_logo,pad_g11_logos.iff,0B,0x19D96000,0x2DE7,1
goalie,goalie_blocker,blocker_g11.iff,0B,0x1AA53800,0x9DF6A,1
goalie,goalie_blocker_logo,blocker_g11_logos_l.iff,0B,0x1AAF1800,0x4CE2,1
goalie,goalie_blocker_logo,blocker_g11_logos_r.iff,0B,0x1AAF6800,0x3D07,1
goalie,goalie_catcher,catcher_g11.iff,0B,0x1B61F000,0x9B9BD,1
goalie,goalie_catcher_logo,catcher_g11_logos_l.iff,0B,0x1B6BB000,0x5E12,1
goalie,goalie_catcher_logo,catcher_g11_logos_r.iff,0B,0x1B6C1000,0x6070,1
goalie,goalie_pad,pad_g12.iff,0B,0x19D99000,0xA016D,1
goalie,goalie_pad_logo,pad_g12_logos.iff,0B,0x19E39800,0x52B2,1
goalie,goalie_blocker,blocker_g12.iff,0B,0x1AAFA800,0x95A19,1
goalie,goalie_blocker_logo,blocker_g12_logos_l.iff,0B,0x1AB90800,0x3B28,1
goalie,goalie_blocker_logo,blocker_g12_logos_r.iff,0B,0x1AB94800,0x395E,1
goalie,goalie_catcher,catcher_g12.iff,0B,0x1B6C7800,0xA5EE3,1
goalie,goalie_catcher_logo,catcher_g12_logos_l.iff,0B,0x1B76D800,0x4889,1
goalie,goalie_catcher_logo,catcher_g12_logos_r.iff,0B,0x1B772800,0x4115,1
