crc32,name,family,archive,local_off,size,ntex,dims,fmt
0xE879AA06,,atlas(crowd/lighting)?,0A,0x32519000,14893995,67,256x256,DXT1
0xD51983B6,,atlas(crowd/lighting)?,0A,0x3334D800,15465326,66,256x256,DXT1
0xB54D0D90,,atlas(crowd/lighting)?,0A,0x14470800,14284439,65,1024x512,DXT1
0x8AA56B76,,atlas(crowd/lighting)?,0A,0x1E534800,13893666,64,1024x512,DXT1
0xB7C542C6,,atlas(crowd/lighting)?,0A,0x1D7F4000,13893659,64,1024x512,DXT1
0xF0653816,,atlas(crowd/lighting)?,0A,0x1CAB3800,13893682,64,1024x512,DXT1
0x794A3EEC,,atlas(crowd/lighting)?,0A,0x228F2800,13820936,61,256x256,DXT1
0x49877F67,,atlas(crowd/lighting)?,0A,0x11689800,1731819,52,512x512,DXT1
0x0B5585FA,,unknown_texture,0A,0xBB3800,1584105,42,128x128,8
0x87F402ED,,unknown_texture,0A,0xD36800,1567112,42,128x128,8
0x9712B37F,,unknown_texture,0A,0x732000,1571775,42,128x128,8
0xAE6DC34C,,unknown_texture,0A,0x8B2000,1567580,42,128x128,8
0xC0652A80,,unknown_texture,0A,0xA31000,1581389,42,128x128,8
0x8167DD16,,atlas(crowd/lighting)?,0A,0x2510B000,9982183,18,512x512,DXT1
0x44FA44AD,,unknown_texture,0A,0x2E855000,7005516,12,256x256,DXN
0xEBEC7073,,unknown_texture,0A,0x2D401800,7005570,12,256x256,DXN
0x2CBAE29E,,unknown_texture,0B,0x3747B800,785175,10,512x128,DXT4_5
0x1203DB4C,,unknown_texture,0B,0x3766A800,334675,8,64x64,565
0x4BA500C3,,unknown_texture,0B,0x376BC800,336379,8,64x64,565
0xE69E3391,,unknown_texture,0A,0x429E000,191199,7,256x256,DXT4_5
0x0050D8C1,,uniform_component?,0B,0xF1B3000,2137340,6,2048x512,DXN
0x01F819F1,,uniform_component?,0A,0x5CCF3000,1946582,6,2048x512,DXN
0x0330A0F5,,uniform_component?,0A,0x55F49800,1830077,6,2048x512,DXN
0x038BC52C,,uniform_component?,0A,0x5F438000,2008519,6,2048x512,DXN
0x05193675,uniform_lat_away.iff,uniform,0B,0x9B82000,2142613,6,2048x512,DXN
0x055B8BFD,,uniform_component?,0A,0x5CECE800,1914531,6,2048x512,DXN
0x07285720,,uniform_component?,0A,0x5F9F8000,2010821,6,2048x512,DXN
0x0B5A204E,,uniform_component?,0A,0x5DDB2800,1978201,6,2048x512,DXN
0x0CC4F4B8,,uniform_component?,0A,0x38CA5800,1822395,6,2048x512,DXN
0x0E9A8891,,uniform_component?,0B,0x174C6800,1776449,6,2048x512,DXN
0x0EF0FBC7,,uniform_component?,0A,0x5490B800,1901039,6,2048x512,DXN
0x0FF9B242,,uniform_component?,0A,0x5E351000,1931665,6,2048x512,DXN
0x12B5856C,,uniform_component?,0B,0xA5BC000,2291567,6,2048x512,DXN
0x12F6AF55,,uniform_component?,0A,0x5D275800,1982330,6,2048x512,DXN
0x14256B17,,uniform_component?,0B,0x1322F800,2312341,6,2048x512,DXN
0x142A4603,,uniform_component?,0B,0x17C02800,2009063,6,2048x512,DXN
0x14BE17CD,,uniform_component?,0B,0x13E8B000,2332929,6,2048x512,DXN
0x157E0079,,uniform_component?,0B,0x8E1A800,1814025,6,2048x512,DXN
0x16553D59,,uniform_component?,0A,0x5D818000,1942979,6,2048x512,DXN
0x1673D77F,,uniform_component?,0B,0x15A5E800,2113887,6,2048x512,DXN
0x17EAF8C3,,uniform_component?,0A,0x61478800,1812921,6,2048x512,DXN
0x19307BF5,,uniform_component?,0A,0x6286C000,2031592,6,2048x512,DXN
0x19BD3672,uniform_fra_away.iff,uniform,0A,0x649C9800,1936675,6,2048x512,DXN
0x1A274A37,,uniform_component?,0A,0x60393000,1907295,6,2048x512,DXN
0x1AD20411,,uniform_component?,0B,0xD9AC800,2255437,6,2048x512,DXN
0x1C35F3A8,uniform_aut_home.iff,uniform,0A,0x3A44A800,2110653,6,2048x512,DXN
0x1CC3A4A7,uniform_rus_away.iff,uniform,0B,0x1282C800,1831790,6,2048x512,DXN
0x1E11D259,,uniform_component?,0A,0x5A4B6000,1843005,6,2048x512,DXN
0x1E84D83B,,uniform_component?,0A,0x6091E800,1995831,6,2048x512,DXN
0x1FE2B956,,uniform_component?,0B,0xBC31800,2062386,6,2048x512,DXN
0x1FF989CB,,uniform_component?,0B,0x11781800,1877582,6,2048x512,DXN
0x21AFB163,,uniform_component?,0A,0x5EC86000,1997516,6,2048x512,DXN
0x21EE8883,,uniform_component?,0B,0xFDCB000,2056283,6,2048x512,DXN
0x246DA50B,,uniform_component?,0B,0x1528B000,1788795,6,2048x512,DXN
0x2489E860,,uniform_component?,0A,0x61A8D800,2314501,6,2048x512,DXN
0x24C3BF1E,,uniform_component?,0A,0x57A7C800,1893822,6,2048x512,DXN
0x250C236F,,uniform_component?,0A,0x5F247000,2035553,6,2048x512,DXN
0x26ED7C02,,uniform_component?,0B,0x15851800,2148530,6,2048x512,DXN
0x2855617B,,uniform_component?,0A,0x562C7800,2242587,6,2048x512,DXN
0x2B0D88DC,,uniform_component?,0A,0x5C1B4000,2012921,6,2048x512,DXN
0x2D7DA4AC,,uniform_component?,0A,0x6458D000,2167074,6,2048x512,DXN
0x2E468A93,uniform_sui_home.iff,uniform,0B,0x14708800,1903796,6,2048x512,DXN
0x2F09C6DC,,uniform_component?,0B,0xCB93800,1855442,6,2048x512,DXN
0x3236005D,uniform_cze_away.iff,uniform,0A,0x60B06000,1824308,6,2048x512,DXN
0x32A107C7,,uniform_component?,0A,0x5B2BD000,1996263,6,2048x512,DXN
0x33580390,,uniform_component?,0B,0xE989000,2188958,6,2048x512,DXN
0x34C0D263,,uniform_component?,0B,0x938F000,2021527,6,2048x512,DXN
0x360295CB,,uniform_component?,0A,0x5B4A4800,1958945,6,2048x512,DXN
0x36465FE3,,uniform_component?,0A,0x58FD6800,1915713,6,2048x512,DXN
0x373DB9B1,,uniform_component?,0A,0x54ADC000,2040996,6,2048x512,DXN
0x3A19A5C4,uniform_usa_home.iff,uniform,0B,0x16E99800,2080038,6,2048x512,DXN
0x3EBEC4A1,,uniform_component?,0A,0x6248D800,2079242,6,2048x512,DXN
0x4080B04F,,uniform_component?,0B,0x10907800,2187330,6,2048x512,DXN
0x4222DB4B,,uniform_component?,0B,0x18569000,1866050,6,2048x512,DXN
0x45978E64,,uniform_component?,0A,0x57E19800,2518618,6,2048x512,DXN
0x46067B53,uniform_dmk_home.iff,uniform,0A,0x62C6E800,2172059,6,2048x512,DXN
0x4701B825,uniform_can_away.iff,uniform,0A,0x55731800,1987439,6,2048x512,DXN
0x4754CC9F,,uniform_component?,0B,0x164AF800,2092343,6,2048x512,DXN
0x495D1F5C,,uniform_component?,0B,0x1215A000,2339610,6,2048x512,DXN
0x4A63B010,,uniform_component?,0A,0x5B861800,1981509,6,2048x512,DXN
0x4AE64591,,uniform_component?,0A,0x5828B000,2139553,6,2048x512,DXN
0x4BB7AC82,,uniform_component?,0B,0xAE53000,2146954,6,2048x512,DXN
0x4EC0221C,,uniform_component?,0A,0x5BDF9000,1896538,6,2048x512,DXN
0x50E0E2C4,uniform_ger_home.iff,uniform,0B,0x844A000,1905893,6,2048x512,DXN
0x53CF3F0B,,uniform_component?,0A,0x5C39F800,1920650,6,2048x512,DXN
0x5708E0E3,,uniform_component?,0A,0x564EB800,2166209,6,2048x512,DXN
0x576CAD07,,uniform_component?,0A,0x5C930800,1993044,6,2048x512,DXN
0x599CE992,,uniform_component?,0B,0x1076D800,1678556,6,2048x512,DXN
0x59FB2D54,,uniform_component?,0B,0x10B1E000,1934951,6,2048x512,DXN
0x5D7D8525,,uniform_component?,0A,0x5AA91000,2027669,6,2048x512,DXN
0x5E47DC82,,uniform_component?,0B,0xC800000,1658890,6,2048x512,DXN
0x619BF206,,uniform_component?,0B,0xB82D000,2147993,6,2048x512,DXN
0x61C05CC8,,uniform_component?,0B,0x17DED000,2019570,6,2048x512,DXN
0x624CFC5B,uniform_2k_home.iff,uniform,0A,0x386C2800,2350930,6,2048x512,DXN
0x649A6548,,uniform_component?,0A,0x595F0000,2160059,6,2048x512,DXN
0x65612E70,uniform_fin_away.iff,uniform,0A,0x63B2D000,2042503,6,2048x512,DXN
0x680F10E2,,uniform_component?,0A,0x5A678000,2266557,6,2048x512,DXN
0x688857F5,uniform_bel_away.iff,uniform,0A,0x53426000,1991639,6,2048x512,DXN
0x69CEFEA2,,uniform_component?,0B,0xE7B3000,1923199,6,2048x512,DXN
0x6C16D3DC,uniform_swe_home.iff,uniform,0B,0x14AC9000,2028526,6,2048x512,DXN
0x6CC32958,,uniform_component?,0A,0x56F76800,2274996,6,2048x512,DXN
0x6E1E0D37,,uniform_component?,0B,0x11D52000,2112632,6,2048x512,DXN
0x6E5BC56D,,uniform_component?,0B,0x9190800,2089746,6,2048x512,DXN
0x6E978A8E,,uniform_component?,0A,0x5D9F2800,1966011,6,2048x512,DXN
0x6F48EF49,uniform_kaz_away.iff,uniform,0B,0x861B800,2050621,6,2048x512,DXN
0x6F4F73E0,uniform_slo_away.iff,uniform,0B,0x1368E800,1814987,6,2048x512,DXN
0x6FB04FB3,,uniform_component?,0B,0xE213000,1914295,6,2048x512,DXN
0x6FED7A93,,uniform_component?,0A,0x53EA7000,2266303,6,2048x512,DXN
0x711A1F60,,uniform_component?,0B,0xB664800,1868035,6,2048x512,DXN
0x721D4CC4,uniform_eca_alt.iff,uniform,0A,0x62E81000,1808288,6,2048x512,DXN
0x73117ED7,,uniform_component?,0A,0x54CCE800,2208954,6,2048x512,DXN
0x73989799,,uniform_component?,0A,0x5E704000,1944391,6,2048x512,DXN
0x75390C30,,uniform_component?,0A,0x39C32800,2097646,6,2048x512,DXN
0x773B0595,,uniform_component?,0A,0x5E8DF000,1914278,6,2048x512,DXN
0x77AD7195,,uniform_component?,0A,0x591AA800,2316920,6,2048x512,DXN
0x7802ED48,,uniform_component?,0A,0x3945F000,2008061,6,2048x512,DXN
0x78653E8E,,uniform_component?,0A,0x634DD000,2300248,6,2048x512,DXN
0x7885F0E2,,uniform_component?,0A,0x61633800,2246611,6,2048x512,DXN
0x797EEB0B,,uniform_component?,0B,0xC995800,2088119,6,2048x512,DXN
0x79A8B44B,,uniform_component?,0B,0x125D3800,2461024,6,2048x512,DXN
0x7B19C9DB,uniform_ukr_away.iff,uniform,0B,0x168AC800,2065228,6,2048x512,DXN
0x7B4972FB,,uniform_component?,0A,0x5FDC4000,1970174,6,2048x512,DXN
0x7F7A7A9A,,uniform_component?,0A,0x39250000,2158359,6,2048x512,DXN
0x7FEAE0F7,,uniform_component?,0A,0x5FFA5000,2058457,6,2048x512,DXN
0x80114508,uniform_fra_home.iff,uniform,0A,0x64BA2800,1935454,6,2048x512,DXN
0x837E776B,,uniform_component?,0B,0xD785800,2255445,6,2048x512,DXN
0x838B394D,,uniform_component?,0A,0x60565000,1907295,6,2048x512,DXN
0x848731CE,uniform_wca_alt.iff,uniform,0B,0x181E6000,1818526,6,2048x512,DXN
0x856FD7DD,uniform_rus_home.iff,uniform,0B,0x129EC000,1831790,6,2048x512,DXN
0x859980D2,uniform_aut_away.iff,uniform,0A,0x3A246800,2113266,6,2048x512,DXN
0x864ECA2C,,uniform_component?,0B,0xBA39800,2062386,6,2048x512,DXN
0x8655FAB1,,uniform_component?,0B,0x1194C000,1877582,6,2048x512,DXN
0x8728AB41,,uniform_component?,0A,0x60737000,1995831,6,2048x512,DXN
0x87BDA123,,uniform_component?,0A,0x5A2F4000,1843005,6,2048x512,DXN
0x8B19F616,,uniform_component?,0B,0xA39F800,2213214,6,2048x512,DXN
0x8B5ADC2F,,uniform_component?,0A,0x5D459800,1982330,6,2048x512,DXN
0x8CD27303,,uniform_component?,0B,0x8FD5800,1813616,6,2048x512,DXN
0x8D1264B7,,uniform_component?,0B,0x140C5000,2339303,6,2048x512,DXN
0x8D863579,,uniform_component?,0B,0x17A18000,2009063,6,2048x512,DXN
0x8D89186D,,uniform_component?,0B,0x12FFA800,2312357,6,2048x512,DXN
0x8E468BB9,,uniform_component?,0A,0x612BD800,1812974,6,2048x512,DXN
0x8FDFA405,,uniform_component?,0B,0x15440000,2113925,6,2048x512,DXN
0x8FF94E23,,uniform_component?,0A,0x5D63D800,1942979,6,2048x512,DXN
0x92F65334,,uniform_component?,0A,0x5DF95800,1978375,6,2048x512,DXN
0x956887C2,,uniform_component?,0A,0x38AE8800,1822395,6,2048x512,DXN
0x9655C138,,uniform_component?,0A,0x5E179000,1931665,6,2048x512,DXN
0x9736FBEB,,uniform_component?,0B,0x17678800,1776449,6,2048x512,DXN
0x975C88BD,,uniform_component?,0A,0x5473B000,1901039,6,2048x512,DXN
0x98546A8B,,uniform_component?,0A,0x5CB17800,1946582,6,2048x512,DXN
0x99FCABBB,,uniform_component?,0B,0xF3BD000,2137303,6,2048x512,DXN
0x9A27B656,,uniform_component?,0A,0x5F622800,2008519,6,2048x512,DXN
0x9A9CD38F,,uniform_component?,0A,0x56108800,1829630,6,2048x512,DXN
0x9CB5450F,uniform_lat_home.iff,uniform,0B,0x9D8D800,2142111,6,2048x512,DXN
0x9CF7F887,,uniform_component?,0A,0x5D0A2000,1914531,6,2048x512,DXN
0x9E6461DC,,uniform_component?,0A,0x554F6800,2338063,6,2048x512,DXN
0x9E84245A,,uniform_component?,0A,0x5F80D000,2010821,6,2048x512,DXN
0xA3B5D6BE,uniform_usa_away.iff,uniform,0B,0x16C9D800,2080038,6,2048x512,DXN
0xA712B7DB,,uniform_component?,0A,0x62291800,2079253,6,2048x512,DXN
0xAAF470EA,,uniform_component?,0B,0xE3E6800,2187418,6,2048x512,DXN
0xAB0D74BD,,uniform_component?,0A,0x5B0D5800,1996263,6,2048x512,DXN
0xAB9A7327,uniform_cze_home.iff,uniform,0A,0x60CC3800,1824308,6,2048x512,DXN
0xAD6CA119,,uniform_component?,0B,0x957D000,2021527,6,2048x512,DXN
0xAE91CACB,,uniform_component?,0A,0x55105800,2048031,6,2048x512,DXN
0xAFAEE6B1,,uniform_component?,0A,0x5B683000,1958945,6,2048x512,DXN
0xAFEA2C99,,uniform_component?,0A,0x58E02800,1916169,6,2048x512,DXN
0xB1F91201,,uniform_component?,0A,0x5690D800,2242587,6,2048x512,DXN
0xB2A1FBA6,,uniform_component?,0A,0x5BFC8800,2012921,6,2048x512,DXN
0xB4D1D7D6,,uniform_component?,0A,0x6437B800,2167076,6,2048x512,DXN
0xB6A5B5A6,,uniform_component?,0B,0xCD58800,1849611,6,2048x512,DXN
0xB7EAF9E9,uniform_sui_away.iff,uniform,0B,0x14537800,1904320,6,2048x512,DXN
0xB803C219,,uniform_component?,0A,0x5EE6E000,1997516,6,2048x512,DXN
0xB842FBF9,,uniform_component?,0B,0xFBD6000,2051731,6,2048x512,DXN
0xBCA05015,,uniform_component?,0A,0x5F056000,2035553,6,2048x512,DXN
0xBD259B1A,,uniform_component?,0A,0x61858000,2314501,6,2048x512,DXN
0xBD6FCC64,,uniform_component?,0A,0x57C4B000,1893822,6,2048x512,DXN
0xBDC1D671,,uniform_component?,0B,0x150D6000,1788795,6,2048x512,DXN
0xBF410F78,,uniform_component?,0B,0x15644800,2148530,6,2048x512,DXN
0xC0309AE8,,uniform_component?,0B,0x105D5000,1671313,6,2048x512,DXN
0xC0575E2E,,uniform_component?,0B,0x10CF6800,1934951,6,2048x512,DXN
0xC4D1F65F,,uniform_component?,0A,0x5A8A1800,2027669,6,2048x512,DXN
0xC7EBAFF8,,uniform_component?,0B,0xC66A800,1659925,6,2048x512,DXN
0xC94C91BE,uniform_ger_away.iff,uniform,0B,0x8278000,1907477,6,2048x512,DXN
0xC98FBDBB,,uniform_component?,0A,0x59C78000,2449365,6,2048x512,DXN
0xCA634C71,,uniform_component?,0A,0x5C574800,1920650,6,2048x512,DXN
0xCEA49399,,uniform_component?,0A,0x566FC800,2166209,6,2048x512,DXN
0xCEC0DE7D,,uniform_component?,0A,0x5C749800,1993044,6,2048x512,DXN
0xD0F16C26,,uniform_component?,0B,0x11B16800,2339637,6,2048x512,DXN
0xD21BDFF8,,uniform_component?,0B,0xAC46800,2147104,6,2048x512,DXN
0xD34A36EB,,uniform_component?,0A,0x58080800,2139553,6,2048x512,DXN
0xD3CFC36A,,uniform_component?,0A,0x5BA45800,1981509,6,2048x512,DXN
0xD76C5166,,uniform_component?,0A,0x5BC29800,1896538,6,2048x512,DXN
0xD92CC335,,uniform_component?,0B,0x10ECF000,2187297,6,2048x512,DXN
0xDB8EA831,,uniform_component?,0B,0x18731000,1866778,6,2048x512,DXN
0xDC3BFD1E,,uniform_component?,0A,0x58495800,2518618,6,2048x512,DXN
0xDEADCB5F,uniform_can_home.iff,uniform,0A,0x55917000,1987439,6,2048x512,DXN
0xDEF8BFE5,,uniform_component?,0B,0x1628A000,2249143,6,2048x512,DXN
0xDFAA0829,uniform_dmk_away.iff,uniform,0A,0x62A5C000,2172774,6,2048x512,DXN
0xE0D29871,,uniform_component?,0B,0xCF1C800,2066908,6,2048x512,DXN
0xE1298398,,uniform_component?,0A,0x61CC3000,2075164,6,2048x512,DXN
0xE1AE9E32,,uniform_component?,0A,0x38E62800,1958330,6,2048x512,DXN
0xE1C94DF4,,uniform_component?,0A,0x6370F000,2094025,6,2048x512,DXN
0xE2B5BAA1,uniform_ukr_home.iff,uniform,0B,0x16AA5000,2065228,6,2048x512,DXN
0xE2E50181,,uniform_component?,0A,0x5FBE3000,1970174,6,2048x512,DXN
0xE646938D,,uniform_component?,0A,0x6019C000,2058457,6,2048x512,DXN
0xE6D609E0,,uniform_component?,0A,0x39041000,2158359,6,2048x512,DXN
0xE8B66C1A,,uniform_component?,0B,0xB49C000,1868035,6,2048x512,DXN
0xEA34E4E3,,uniform_component?,0A,0x5E529000,1944391,6,2048x512,DXN
0xEABD0DAD,,uniform_component?,0A,0x54EEA000,2208954,6,2048x512,DXN
0xEC957F4A,,uniform_component?,0A,0x39E33000,2098027,6,2048x512,DXN
0xEE0102EF,,uniform_component?,0A,0x597FF800,2316775,6,2048x512,DXN
0xEE9776EF,,uniform_component?,0A,0x5EAB2800,1914278,6,2048x512,DXN
0xF0628DD8,,uniform_component?,0B,0xE5FD000,1792026,6,2048x512,DXN
0xF124248F,uniform_bel_home.iff,uniform,0A,0x5360C800,1990382,6,2048x512,DXN
0xF1A36398,,uniform_component?,0A,0x5AC80800,2266577,6,2048x512,DXN
0xF56F5A22,,uniform_component?,0A,0x571A2000,2274996,6,2048x512,DXN
0xF5BAA0A6,uniform_swe_away.iff,uniform,0B,0x148D9800,2028941,6,2048x512,DXN
0xF61C3CC9,,uniform_component?,0B,0xE03F800,1914295,6,2048x512,DXN
0xF64109E9,,uniform_component?,0A,0x53C7D800,2266243,6,2048x512,DXN
0xF6E3009A,uniform_slo_home.iff,uniform,0B,0x1384A000,1814987,6,2048x512,DXN
0xF6E49C33,uniform_kaz_home.iff,uniform,0B,0x8810800,2050621,6,2048x512,DXN
0xF73BF9F4,,uniform_component?,0A,0x5DBD2800,1966011,6,2048x512,DXN
0xF7B27E4D,,uniform_component?,0B,0x11F56000,2112632,6,2048x512,DXN
0xF7F7B617,,uniform_component?,0B,0x976B000,2090931,6,2048x512,DXN
0xF837817C,,uniform_component?,0B,0xBE29800,2147973,6,2048x512,DXN
0xF86C2FB2,,uniform_component?,0B,0x1782A800,2019599,6,2048x512,DXN
0xFBE08F21,uniform_2k_away.iff,uniform,0A,0x38484800,2350988,6,2048x512,DXN
0xFCCD5D0A,uniform_fin_home.iff,uniform,0A,0x63D20000,2042503,6,2048x512,DXN
0xFD361632,,uniform_component?,0A,0x593E0800,2160059,6,2048x512,DXN
0x591778D9,,unknown_texture,0B,0x3720D000,234755,5,64x64,565
0xBC158DF0,,unknown_texture,0A,0x37421800,639468,5,256x256,DXT5A
0xD4555C2B,,unknown_texture,0B,0x37775000,278747,4,256x256,DXT4_5
0x004D1DB8,uniform_base_usa_home.iff,uniform_base,0A,0x51F36800,1451788,3,1024x1024,565
0x0090312D,player_head_id_0938.iff,player_portrait,0B,0x25A28000,991581,3,512x512,DXT4_5
0x0365711B,,uniform_base/scenery?,0A,0x413DB000,1231233,3,1024x1024,565
0x03DC92F6,,uniform_base/scenery?,0A,0x40FBC000,1541381,3,1024x1024,565
0x043EF887,,uniform_base/scenery?,0A,0x3C44E000,1480932,3,1024x1024,565
0x050BCD91,blocker_g17.iff,goalie_gear,0B,0x1AE3E000,682863,3,512x512,DXT4_5
0x05121F37,,uniform_base/scenery?,0A,0x3FB26000,1525523,3,1024x1024,565
0x056571F4,,uniform_base/scenery?,0A,0x400AC800,1250405,3,1024x1024,565
0x057B4D05,player_head_id_0398.iff,player_portrait,0B,0x20220800,999138,3,512x512,DXT4_5
0x05884779,,uniform_base/scenery?,0A,0x488AE000,1497460,3,1024x1024,565
0x0710AB4C,,uniform_base/scenery?,0A,0x3E8AD800,1514100,3,1024x1024,565
0x071A6269,player_head_id_0742.iff,player_portrait,0B,0x23945000,1029055,3,512x512,DXT4_5
0x075F408C,player_head_id_0085.iff,player_portrait,0B,0x1CF0B000,970295,3,512x512,DXT4_5
0x076EE895,player_head_id_0853.iff,player_portrait,0B,0x24F8B000,984949,3,512x512,DXT4_5
0x077C19FF,player_head_id_0898.iff,player_portrait,0B,0x25643800,1029290,3,512x512,DXT4_5
0x07C6E317,,uniform_base/scenery?,0A,0x41508000,1231233,3,1024x1024,565
0x0831EA1E,,uniform_base/scenery?,0A,0x4C0F0800,1250398,3,1024x1024,565
0x0862B821,uniform_base_cze_away.iff,uniform_base,0A,0x44B1E000,1485034,3,1024x1024,565
0x086B2F74,player_head_id_0391.iff,player_portrait,0B,0x20035000,1003475,3,512x512,DXT4_5
0x09D0275B,player_head_id_0884.iff,player_portrait,0B,0x2544E000,1010355,3,512x512,DXT4_5
0x0A13DEDC,,uniform_base/scenery?,0A,0x5265F000,1468416,3,1024x1024,565
0x0A487012,,uniform_base/scenery?,0A,0x4A346800,1473900,3,1024x1024,565
0x0B80A02E,player_head_id_0488.iff,player_portrait,0B,0x20F94800,987368,3,512x512,DXT4_5
0x0BE8038A,pad_g16.iff,goalie_gear,0B,0x1A037000,639732,3,512x512,DXT4_5
0x0C4DDB6D,,unknown_texture,0A,0x374EE000,194661,3,128x128,DXT1
0x0E488575,player_head_id_0635.iff,player_portrait,0B,0x223E0800,1036234,3,512x512,DXT4_5
0x0E9936E8,player_head_id_0078.iff,player_portrait,0B,0x1CE2C800,909318,3,512x512,DXT4_5
0x0F9679A8,,unknown_texture,0A,0x51D7800,211974,3,128x128,DXT1
0x0FE1198B,,uniform_base/scenery?,0A,0x4E70B800,1250401,3,1024x1024,565
0x106BC7BF,,uniform_base/scenery?,0A,0x4384E000,1231233,3,1024x1024,565
0x1077890A,player_head_id_0711.iff,player_portrait,0B,0x2317F000,970862,3,512x512,DXT4_5
0x108563E4,player_head_id_0941.iff,player_portrait,0B,0x25B1A800,998597,3,512x512,DXT4_5
0x113E6BCB,player_head_id_0254.iff,player_portrait,0B,0x1E960800,944506,3,512x512,DXT4_5
0x12AD691F,,uniform_base/scenery?,0A,0x4B001000,1543204,3,1024x1024,565
0x12C715FB,player_head_id_0586.iff,player_portrait,0B,0x21B1A000,1039068,3,512x512,DXT4_5
0x12EE6A6B,,uniform_base/scenery?,0A,0x3CFE5000,1250417,3,1024x1024,565
0x134DB5CD,player_head_id_0645.iff,player_portrait,0B,0x225D4000,1013062,3,512x512,DXT4_5
0x135672F6,,uniform_base/scenery?,0A,0x4575D000,1452548,3,1024x1024,565
0x13B6BC9A,,uniform_base/scenery?,0A,0x469A4000,1492823,3,1024x1024,565
0x13D16F5C,,uniform_base/scenery?,0A,0x3ADA9800,1553637,3,1024x1024,565
0x141232EF,uniform_base_sui_home.iff,uniform_base,0A,0x5032B000,1462617,3,1024x1024,565
0x14C855B3,,uniform_base/scenery?,0A,0x43BD5000,1231233,3,1024x1024,565
0x14E4BFFA,player_head_id_0022.iff,player_portrait,0B,0x1C89E000,1019250,3,512x512,DXT4_5
0x1739E5DF,,uniform_base/scenery?,0A,0x50A5A000,1591039,3,1024x1024,565
0x178AEBB8,,unknown_texture,0A,0x4C52000,211980,3,128x128,DXT1
0x1797FFCA,,uniform_base/scenery?,0A,0x3EFF3800,1506939,3,1024x1024,565
0x18EAECC5,player_head_id_0262.iff,player_portrait,0B,0x1EC1E000,959185,3,512x512,DXT4_5
0x1951E4EA,player_head_id_0977.iff,player_portrait,0B,0x25FF3800,975743,3,512x512,DXT4_5
0x19A30E04,player_head_id_0727.iff,player_portrait,0B,0x2365C000,1028133,3,512x512,DXT4_5
0x1A093D40,uniform_base_2k_away.iff,uniform_base,0A,0x3A64E000,1499377,3,1024x1024,565
0x1AC9FE00,,uniform_base/scenery?,0A,0x41D43000,1231233,3,1024x1024,565
0x1C7EF381,,uniform_base/scenery?,0A,0x401DE000,1470940,3,1024x1024,565
0x1C91B957,,unknown_texture,0A,0x36E13800,194661,3,128x128,DXT1
0x1E856E26,,uniform_base/scenery?,0A,0x3B056800,1250418,3,1024x1024,565
0x1EEA8E24,,uniform_base/scenery?,0A,0x3B8E7800,1513268,3,1024x1024,565
0x1F14357D,player_head_id_0309.iff,player_portrait,0B,0x1F2DB800,1001443,3,512x512,DXT4_5
0x1F80A405,player_head_id_0283.iff,player_portrait,0B,0x1EFF9800,992115,3,512x512,DXT4_5
0x2007C2CB,player_head_id_0719.iff,player_portrait,0B,0x23468000,1018202,3,512x512,DXT4_5
0x20642E96,,uniform_base/scenery?,0A,0x496E8000,1473539,3,1024x1024,565
0x2081A2D9,player_head_id_0658.iff,player_portrait,0B,0x227BE000,1018211,3,512x512,DXT4_5
0x215CD160,player_head_id_0297.iff,player_portrait,0B,0x1F1E5800,1006924,3,512x512,DXT4_5
0x228E9D48,,uniform_base/scenery?,0A,0x4E598000,1521588,3,1024x1024,565
0x22E08DB5,player_head_id_0282.iff,player_portrait,0B,0x1EEFC000,1037803,3,512x512,DXT4_5
0x22F27CDF,player_head_id_0249.iff,player_portrait,0B,0x1E86A800,1006583,3,512x512,DXT4_5
0x2332D989,,uniform_base/scenery?,0A,0x427D8000,1231233,3,1024x1024,565
0x235126E4,,unknown_texture,0A,0x4A38800,211974,3,128x128,DXT1
0x236A2D83,player_head_id_0141.iff,player_portrait,0B,0x1DB20800,954485,3,512x512,DXT4_5
0x23E98E0E,uniform_base_fra_away.iff,uniform_base,0A,0x47686000,1468727,3,1024x1024,565
0x2431CD5A,player_head_id_0976.iff,player_portrait,0B,0x25EF8800,1026605,3,512x512,DXT4_5
0x24BEB817,,uniform_base/scenery?,0A,0x450BF800,1491724,3,1024x1024,565
0x24C327B4,player_head_id_0726.iff,player_portrait,0B,0x23561000,1027376,3,512x512,DXT4_5
0x262A40AD,,uniform_base/scenery?,0A,0x4836A000,1523359,3,1024x1024,565
0x26614BD4,uniform_base_aut_home.iff,uniform_base,0A,0x3BD3D800,1482454,3,1024x1024,565
0x26971CDB,uniform_base_rus_away.iff,uniform_base,0A,0x4EDBB800,1501579,3,1024x1024,565
0x270BF19D,player_head_id_0822.iff,player_portrait,0B,0x24AB2800,992048,3,512x512,DXT4_5
0x277F7B61,player_head_id_0733.iff,player_portrait,0B,0x23757800,1007445,3,512x512,DXT4_5
0x27914B85,,uniform_base/scenery?,0A,0x42B5F000,1231233,3,1024x1024,565
0x284B1499,player_head_id_0427.iff,player_portrait,0B,0x20502000,1003922,3,512x512,DXT4_5
0x29F1595F,,uniform_base/scenery?,0A,0x53148800,1503671,3,1024x1024,565
0x2A9900ED,,unknown_texture,0A,0x4628000,93210,3,512x512,DXT1
0x2B19512D,,uniform_base/scenery?,0A,0x3F418800,1250410,3,1024x1024,565
0x2B53325B,,uniform_base/scenery?,0A,0x4DCB2800,1442323,3,1024x1024,565
0x2BE33CEB,,uniform_base/scenery?,0A,0x4466A000,1231233,3,1024x1024,565
0x2C1B609E,player_head_id_0592.iff,player_portrait,0B,0x21E11000,1012983,3,512x512,DXT4_5
0x2C874E8B,,uniform_base/scenery?,0A,0x516E0800,1454008,3,1024x1024,565
0x2CADC91F,,uniform_base/scenery?,0A,0x4E3EE000,1743774,3,1024x1024,565
0x2CD82269,player_head_id_0314.iff,player_portrait,0B,0x1F4B9800,988805,3,512x512,DXT4_5
0x2D45928D,,uniform_base/scenery?,0A,0x408F4800,1481713,3,1024x1024,565
0x2E440C70,,uniform_base/scenery?,0A,0x3F54A000,1584331,3,1024x1024,565
0x2E7A4FF2,player_head_id_0148.iff,player_portrait,0B,0x1DEF1800,926475,3,512x512,DXT4_5
0x2F40AEE7,,uniform_base/scenery?,0A,0x449F1000,1231233,3,1024x1024,565
0x303C6F2D,,uniform_base/scenery?,0A,0x42451000,1231233,3,1024x1024,565
0x3064E021,,uniform_base/scenery?,0A,0x3DDBB800,1433731,3,1024x1024,565
0x30E07AEC,player_head_id_0930.iff,player_portrait,0B,0x2592F800,1016509,3,512x512,DXT4_5
0x318AC15E,player_head_id_0468.iff,player_portrait,0B,0x20CBC800,995306,3,512x512,DXT4_5
0x324FB3F0,,uniform_base/scenery?,0A,0x43D02000,1231233,3,1024x1024,565
0x32F65018,,unknown_texture,0A,0x520B800,211983,3,128x128,DXT1
0x337F7F4A,player_head_id_0138.iff,player_portrait,0B,0x1DA33800,969739,3,512x512,DXT4_5
0x33AECCD7,player_head_id_0775.iff,player_portrait,0B,0x244E5800,1029914,3,512x512,DXT4_5
0x349FFD21,,uniform_base/scenery?,0A,0x4257E000,1231233,3,1024x1024,565
0x34A6BF9A,catcher_g13.iff,goalie_gear,0B,0x1B777000,613208,3,512x512,DXT4_5
0x36882A3A,pad_g17.iff,goalie_gear,0B,0x1A0DA800,603791,3,512x512,DXT4_5
0x36E0899E,player_head_id_0489.iff,player_portrait,0B,0x21086000,1005441,3,512x512,DXT4_5
0x36EC21FC,,uniform_base/scenery?,0A,0x44089000,1231233,3,1024x1024,565
0x36F7F45F,,uniform_base/scenery?,0A,0x3E088000,1250406,3,1024x1024,565
0x380439E8,,uniform_base/scenery?,0A,0x4DA4F800,1250407,3,1024x1024,565
0x380995DF,player_head_id_0352.iff,player_portrait,0B,0x1F96A000,1011186,3,512x512,DXT4_5
0x386BE421,blocker_g16.iff,goalie_gear,0B,0x1AD9E000,612078,3,512x512,DXT4_5
0x388FF5CD,player_head_id_0213.iff,player_portrait,0B,0x1E4A4000,1002749,3,512x512,DXT4_5
0x398335E9,player_head_id_0091.iff,player_portrait,0B,0x1D1C9000,920671,3,512x512,DXT4_5
0x39B29DF0,player_head_id_0847.iff,player_portrait,0B,0x24E91000,1022101,3,512x512,DXT4_5
0x3A9E5692,,uniform_base/scenery?,0A,0x42EE6000,1231233,3,1024x1024,565
0x3B33A918,player_head_id_0206.iff,player_portrait,0B,0x1E2BA000,980382,3,512x512,DXT4_5
0x3BF04CD5,,uniform_base/scenery?,0A,0x404AB800,1467123,3,1024x1024,565
0x3BF0EBEF,player_head_id_0480.iff,player_portrait,0B,0x20E98800,1031896,3,512x512,DXT4_5
0x3C829199,,uniform_base/scenery?,0A,0x40E76800,1332525,3,1024x1024,565
0x3D5521FC,player_head_id_0065.iff,player_portrait,0B,0x1CC65800,922006,3,512x512,DXT4_5
0x3DA4BB13,,uniform_base/scenery?,0A,0x3CB80000,1520223,3,1024x1024,565
0x3DCEC845,,uniform_base/scenery?,0A,0x524DD000,1580589,3,1024x1024,565
0x3DD341EE,player_head_id_0124.iff,player_portrait,0B,0x1D851000,959331,3,512x512,DXT4_5
0x3E3DC49E,,uniform_base/scenery?,0A,0x4326D000,1231233,3,1024x1024,565
0x3F4D8E09,uniform_base_lat_away.iff,uniform_base,0A,0x48B8A000,1491372,3,1024x1024,565
0x3F90B46C,,uniform_base/scenery?,0A,0x3AAA7000,1568899,3,1024x1024,565
0x4048F257,player_head_id_0911.iff,player_portrait,0B,0x25834800,1027326,3,512x512,DXT4_5
0x40FF3A5C,player_head_id_0086.iff,player_portrait,0B,0x1CFF8000,927753,3,512x512,DXT4_5
0x414D71A7,uniform_base_ukr_away.iff,uniform_base,0A,0x51B08000,1466786,3,1024x1024,565
0x4230C4B4,,unknown_texture,0A,0x373F1800,194661,3,128x128,DXT1
0x424E5FB4,,uniform_base/scenery?,0A,0x49C8D000,1525687,3,1024x1024,565
0x425CE145,,uniform_base/scenery?,0A,0x434C7000,1231233,3,1024x1024,565
0x42ABB741,blocker_g14.iff,goalie_gear,0B,0x1AC42000,649842,3,512x512,DXT4_5
0x435197E3,player_head_id_0058.iff,player_portrait,0B,0x1CA94000,910337,3,512x512,DXT4_5
0x43768E8B,catcher_g18.iff,goalie_gear,0B,0x1BAB8800,658499,3,512x512,DXT4_5
0x4386E36F,,uniform_base/scenery?,0A,0x3E2EB000,1499447,3,1024x1024,565
0x4576FCDC,,uniform_base/scenery?,0A,0x4562B800,1250401,3,1024x1024,565
0x46AE26B8,,uniform_base/scenery?,0A,0x4722E800,1517799,3,1024x1024,565
0x46FF7349,,uniform_base/scenery?,0A,0x435F4000,1231233,3,1024x1024,565
0x471268BE,,uniform_base/scenery?,0A,0x51001800,1235726,3,1024x1024,565
0x4A3D0A97,,uniform_base/scenery?,0A,0x4CF0B800,1506755,3,1024x1024,565
0x4A8D0427,,uniform_base/scenery?,0A,0x442E3000,1231233,3,1024x1024,565
0x4AD2C362,player_head_id_0762.iff,player_portrait,0B,0x23EF3000,1016050,3,512x512,DXT4_5
0x4C322B94,player_head_id_0440.iff,player_portrait,0B,0x207F2000,990845,3,512x512,DXT4_5
0x4C48795A,pad_g15.iff,goalie_gear,0B,0x19F92000,646090,3,512x512,DXT4_5
0x4DAA7AC8,player_head_id_0748.iff,player_portrait,0B,0x23B3D000,897264,3,512x512,DXT4_5
0x4E2E962B,,uniform_base/scenery?,0A,0x44410000,1231233,3,1024x1024,565
0x4E705D8B,player_head_id_0887.iff,player_portrait,0B,0x25545000,1041510,3,512x512,DXT4_5
0x4EF6D260,,uniform_base/scenery?,0A,0x4AD9E000,1250420,3,1024x1024,565
0x4FCB55A4,player_head_id_0392.iff,player_portrait,0B,0x2012A000,1009638,3,512x512,DXT4_5
0x4FF4258F,pad_g00.iff,goalie_gear,0B,0x195FB000,672978,3,512x512,DXT4_5
0x502A9168,,unknown_texture,0A,0x4C86000,211980,3,128x128,DXT1
0x50DBC08C,player_head_id_0829.iff,player_portrait,0B,0x24BA5000,1011853,3,512x512,DXT4_5
0x51371B2C,player_head_id_0430.iff,player_portrait,0B,0x205F7800,1040249,3,512x512,DXT4_5
0x525AF464,player_head_id_0268.iff,player_portrait,0B,0x1ED08800,1039905,3,512x512,DXT4_5
0x52DCEF89,uniform_base_bel_away.iff,uniform_base,0A,0x3BEA7800,1479889,3,1024x1024,565
0x551BCB9C,uniform_base_slo_away.iff,uniform_base,0A,0x4F7A1800,1516879,3,1024x1024,565
0x551C5735,uniform_base_kaz_away.iff,uniform_base,0A,0x47C35800,1506632,3,1024x1024,565
0x553FC6DF,,uniform_base/scenery?,0A,0x4864B000,1250418,3,1024x1024,565
0x556D46B5,,uniform_base/scenery?,0A,0x45B89800,1473300,3,1024x1024,565
0x56426BA0,uniform_base_swe_home.iff,uniform_base,0A,0x505F9800,1476894,3,1024x1024,565
0x56DB33FE,player_head_id_0590.iff,player_portrait,0B,0x21C18000,1035394,3,512x512,DXT4_5
0x5714B12D,player_head_id_0194.iff,player_portrait,0B,0x1E0D0800,990799,3,512x512,DXT4_5
0x574362A2,player_head_id_0698.iff,player_portrait,0B,0x22E93800,1039698,3,512x512,DXT4_5
0x588B8184,,uniform_base/scenery?,0A,0x4BE56800,1476166,3,1024x1024,565
0x5A904224,player_head_id_0017.iff,player_portrait,0B,0x1C5AB800,1024029,3,512x512,DXT4_5
0x5C27795D,player_head_id_0439.iff,player_portrait,0B,0x206F5800,1033448,3,512x512,DXT4_5
0x5CE40F67,,uniform_base/scenery?,0A,0x4BB80800,1470261,3,1024x1024,565
0x5CEE3BA5,,uniform_base/scenery?,0A,0x3D248000,1583556,3,1024x1024,565
0x5D394813,player_head_id_0670.iff,player_portrait,0B,0x228B7000,1001333,3,512x512,DXT4_5
0x5F35960C,uniform_base_fin_away.iff,uniform_base,0A,0x46C7B000,1499638,3,1024x1024,565
0x5F53FC52,,uniform_base/scenery?,0A,0x42C8C000,1231233,3,1024x1024,565
0x5FCCF607,player_head_id_0320.iff,player_portrait,0B,0x1F6A8800,930929,3,512x512,DXT4_5
0x61C130FF,player_head_id_0579.iff,player_portrait,0B,0x21933800,997652,3,512x512,DXT4_5
0x620B49D7,,uniform_base/scenery?,0A,0x41E70000,1231233,3,1024x1024,565
0x622ABFA5,player_head_id_0260.iff,player_portrait,0B,0x1EB3D000,921571,3,512x512,DXT4_5
0x656E83AF,uniform_base_wca_alt.iff,uniform_base,0A,0x52CF3000,1523754,3,1024x1024,565
0x66A8DBDB,,uniform_base/scenery?,0A,0x421F7000,1231233,3,1024x1024,565
0x66B98955,player_head_id_0553.iff,player_portrait,0B,0x2183E000,1003802,3,512x512,DXT4_5
0x66FCABB0,player_head_id_0294.iff,player_portrait,0B,0x1F0EC000,1019921,3,512x512,DXT4_5
0x67332963,player_head_id_0690.iff,player_portrait,0B,0x22D9B800,1015277,3,512x512,DXT4_5
0x6842647E,player_head_id_0243.iff,player_portrait,0B,0x1E77B800,977194,3,512x512,DXT4_5
0x6A74989D,player_head_id_0195.iff,player_portrait,0B,0x1E1C2800,1012110,3,512x512,DXT4_5
0x6AB45AB8,uniform_base_ger_home.iff,uniform_base,0A,0x47AC4000,1512998,3,1024x1024,565
0x6AB7DA6A,player_head_id_0713.iff,player_portrait,0B,0x2326C800,1042521,3,512x512,DXT4_5
0x6AC8A946,,uniform_base/scenery?,0A,0x4D626000,1439199,3,1024x1024,565
0x6B835AD5,,uniform_base/scenery?,0A,0x4C94B000,1512439,3,1024x1024,565
0x6BBB1A4E,player_head_id_0591.iff,player_portrait,0B,0x21D15000,1031251,3,512x512,DXT4_5
0x6BFE38AB,player_head_id_0256.iff,player_portrait,0B,0x1EA47800,1005042,3,512x512,DXT4_5
0x6C1B90B2,,uniform_base/scenery?,0A,0x3D54F000,1475923,3,1024x1024,565
0x6D139C56,,uniform_base/scenery?,0A,0x4A8F2800,1693297,3,1024x1024,565
0x6D4903D2,player_head_id_0678.iff,player_portrait,0B,0x229AB800,994215,3,512x512,DXT4_5
0x6D4AB8D8,,unknown_texture,0A,0x4CBA000,211980,3,128x128,DXT1
0x6E24EC9A,player_head_id_0020.iff,player_portrait,0B,0x1C7A6000,1014737,3,512x512,DXT4_5
0x701BE0E5,player_head_id_0104.iff,player_portrait,0B,0x1D57B800,986592,3,512x512,DXT4_5
0x704C336A,player_head_id_0608.iff,player_portrait,0B,0x21FFF800,1013706,3,512x512,DXT4_5
0x70CA5378,player_head_id_0749.iff,player_portrait,0B,0x23C18800,975165,3,512x512,DXT4_5
0x71018605,,uniform_base/scenery?,0A,0x4B5C8000,1501081,3,1024x1024,565
0x712850EA,pad_g14.iff,goalie_gear,0B,0x19EF3800,619859,3,512x512,DXT4_5
0x747A3CFB,player_head_id_0867.iff,player_portrait,0B,0x2516F000,1067137,3,512x512,DXT4_5
0x75D552BF,,uniform_base/scenery?,0A,0x528F7000,1250539,3,1024x1024,565
0x767D6801,player_head_id_0367.iff,player_portrait,0B,0x1FC45000,1013546,3,512x512,DXT4_5
0x77C6602E,player_head_id_0872.iff,player_portrait,0B,0x25274000,1000806,3,512x512,DXT4_5
0x79660778,,uniform_base/scenery?,0A,0x4913B000,1526635,3,1024x1024,565
0x7AF55B2C,player_head_id_0066.iff,player_portrait,0B,0x1CD47000,938322,3,512x512,DXT4_5
0x7BA7C6CC,,uniform_base/scenery?,0A,0x41762000,1231233,3,1024x1024,565
0x7C130A50,,unknown_texture,0B,0x3770F000,416217,3,256x256,DXT5A
0x7C426055,player_head_id_0448.iff,player_portrait,0B,0x209DB000,1001473,3,512x512,DXT4_5
0x7C52C32F,uniform_base_dmk_home.iff,uniform_base,0A,0x4628A000,1472838,3,1024x1024,565
0x7C77C224,blocker_g00.iff,goalie_gear,0B,0x1A341000,625994,3,512x512,DXT4_5
0x7D550059,uniform_base_can_away.iff,uniform_base,0A,0x3D6B7800,1465076,3,1024x1024,565
0x7DA0556B,,uniform_base/scenery?,0A,0x50D60000,1520626,3,1024x1024,565
0x7DF05B07,,unknown_texture,0A,0x5061000,211969,3,128x128,DXT1
0x7E16A73B,catcher_g19.iff,goalie_gear,0B,0x1BB62000,565685,3,512x512,DXT4_5
0x7E1DADEA,,uniform_base/scenery?,0A,0x4A215000,1250402,3,1024x1024,565
0x7E234F39,player_head_id_0092.iff,player_portrait,0B,0x1D2AA000,966967,3,512x512,DXT4_5
0x7EB7DE41,player_head_id_0118.iff,player_portrait,0B,0x1D759800,1013283,3,512x512,DXT4_5
0x7F0454C0,,uniform_base/scenery?,0A,0x41AE9000,1231233,3,1024x1024,565
0x7F6D95D9,,uniform_base/scenery?,0A,0x4FEDA800,1533866,3,1024x1024,565
0x7FCB9EF1,blocker_g15.iff,goalie_gear,0B,0x1ACEF800,673199,3,512x512,DXT4_5
0x7FECCDEA,player_head_id_0496.iff,player_portrait,0B,0x21271000,1016894,3,512x512,DXT4_5
0x7FF6E903,,uniform_base/scenery?,0A,0x4F364800,1482626,3,1024x1024,565
0x80C7F206,player_head_id_0237.iff,player_portrait,0B,0x1E690800,960964,3,512x512,DXT4_5
0x82324C12,player_head_id_0767.iff,player_portrait,0B,0x240ED800,1007697,3,512x512,DXT4_5
0x83658D7A,,uniform_base/scenery?,0A,0x41C16000,1231233,3,1024x1024,565
0x83A54E3A,uniform_base_2k_home.iff,uniform_base,0A,0x3A7BC800,1500280,3,1024x1024,565
0x84978601,player_head_id_0382.iff,player_portrait,0B,0x1FE33000,1043609,3,512x512,DXT4_5
0x84CE56B1,,unknown_texture,0A,0x37211800,194661,3,128x128,DXT1
0x85D280FB,,uniform_base/scenery?,0A,0x3FE12800,1475370,3,1024x1024,565
0x86044383,player_head_id_0908.iff,player_portrait,0B,0x2573F000,1005329,3,512x512,DXT4_5
0x8686638A,catcher_g14.iff,goalie_gear,0B,0x1B81B800,476169,3,512x512,DXT4_5
0x87291D5C,,uniform_base/scenery?,0A,0x3AF25000,1250418,3,1024x1024,565
0x8746FD5E,,uniform_base/scenery?,0A,0x3B76E000,1546211,3,1024x1024,565
0x89B8945B,pad_g19.iff,goalie_gear,0B,0x1A219800,1181308,3,512x512,DXT4_5
0x89C7B4C5,,uniform_base/scenery?,0A,0x4397B000,1231233,3,1024x1024,565
0x8A1ACFE0,,uniform_base/scenery?,0A,0x4683A000,1482162,3,1024x1024,565
0x8A7D1C26,,uniform_base/scenery?,0A,0x3B188000,1556011,3,1024x1024,565
0x8AFA018C,,uniform_base/scenery?,0A,0x45397000,1453110,3,1024x1024,565
0x8B011A65,,uniform_base/scenery?,0A,0x4AC28000,1531207,3,1024x1024,565
0x8B421911,,uniform_base/scenery?,0A,0x3D116800,1250417,3,1024x1024,565
0x8B60AB0E,player_head_id_0610.iff,player_portrait,0B,0x220F7000,1011457,3,512x512,DXT4_5
0x8BA3E9F9,player_head_id_0096.iff,player_portrait,0B,0x1D492000,956145,3,512x512,DXT4_5
0x8BD74525,,uniform_base/scenery?,0A,0x4EC56000,1462687,3,1024x1024,565
0x8D0623EA,player_head_id_0473.iff,player_portrait,0B,0x20DAF800,954367,3,512x512,DXT4_5
0x8D6426C9,,uniform_base/scenery?,0A,0x43AA8000,1231233,3,1024x1024,565
0x8D8043F8,player_head_id_0532.iff,player_portrait,0B,0x21649800,1006392,3,512x512,DXT4_5
0x8DBE4195,uniform_base_sui_away.iff,uniform_base,0A,0x501C7000,1457552,3,1024x1024,565
0x8E3B8CB0,,uniform_base/scenery?,0A,0x3EE7F800,1523318,3,1024x1024,565
0x8E9596A5,,uniform_base/scenery?,0A,0x50BDE800,1577965,3,1024x1024,565
0x8F75FDEC,player_head_id_0062.iff,player_portrait,0B,0x1CB72800,993471,3,512x512,DXT4_5
0x910FD376,player_head_id_0681.iff,player_portrait,0B,0x22A9E800,1035022,3,512x512,DXT4_5
0x914AF193,player_head_id_0146.iff,player_portrait,0B,0x1DD04800,956621,3,512x512,DXT4_5
0x919D9964,,uniform_base/scenery?,0A,0x4BFBF000,1250398,3,1024x1024,565
0x91CC9181,player_head_id_0007.iff,player_portrait,0B,0x1C2BA800,1038185,3,512x512,DXT4_5
0x91CECB5B,uniform_base_cze_home.iff,uniform_base,0A,0x44C89000,1487432,3,1024x1024,565
0x93BFADA6,,uniform_base/scenery?,0A,0x52A28800,1462299,3,1024x1024,565
0x93E40368,,uniform_base/scenery?,0A,0x49F7B800,1474307,3,1024x1024,565
0x93F4FEA5,uniform_base_eca_alt.iff,uniform_base,0A,0x463F2000,1522213,3,1024x1024,565
0x964D6AF1,,uniform_base/scenery?,0A,0x4E83D000,1250401,3,1024x1024,565
0x972C7977,player_head_id_0325.iff,player_portrait,0B,0x1F78C000,1013116,3,512x512,DXT4_5
0x99E16EC2,uniform_base_usa_away.iff,uniform_base,0A,0x51DD4800,1449669,3,1024x1024,565
0x9A70E18C,,uniform_base/scenery?,0A,0x40BCC800,1542121,3,1024x1024,565
0x9AC90261,,uniform_base/scenery?,0A,0x412AE000,1231233,3,1024x1024,565
0x9C243403,,uniform_base/scenery?,0A,0x484DE000,1494876,3,1024x1024,565
0x9CBE6C4D,,uniform_base/scenery?,0A,0x3FC9A800,1538548,3,1024x1024,565
0x9CC9028E,,uniform_base/scenery?,0A,0x3FF7B000,1250405,3,1024x1024,565
0x9CFFAA83,player_head_id_0813.iff,player_portrait,0B,0x249B9800,1019439,3,512x512,DXT4_5
0x9D87E05B,player_head_id_0580.iff,player_portrait,0B,0x21A27800,992578,3,512x512,DXT4_5
0x9D928BFD,,uniform_base/scenery?,0A,0x3C5B8000,1479276,3,1024x1024,565
0x9DAE1C76,,unknown_texture,0A,0x37EB7000,194661,3,128x128,DXT1
0x9E6A906D,,uniform_base/scenery?,0A,0x41635000,1231233,3,1024x1024,565
0x9EBCD836,,uniform_base/scenery?,0A,0x3E73C800,1511255,3,1024x1024,565
0x9F377CAA,player_head_id_0717.iff,player_portrait,0B,0x2336B800,1033544,3,512x512,DXT4_5
0xA0CE35C6,,unknown_texture,0A,0x37E87000,194661,3,128x128,DXT1
0xA1284B38,player_head_id_0185.iff,player_portrait,0B,0x1DFD4000,1033417,3,512x512,DXT4_5
0xA17F98B7,player_head_id_0689.iff,player_portrait,0B,0x22C99000,1056912,3,512x512,DXT4_5
0xA19F8333,player_head_id_0812.iff,player_portrait,0B,0x248C7000,992540,3,512x512,DXT4_5
0xA1A84A92,,uniform_base/scenery?,0A,0x4DB81000,1250407,3,1024x1024,565
0xA223DFE6,player_head_id_0807.iff,player_portrait,0B,0x246D3800,1026831,3,512x512,DXT4_5
0xA3159703,,unknown_texture,0A,0x50D6000,211985,3,128x128,DXT1
0xA33225E8,,uniform_base/scenery?,0A,0x43013000,1231233,3,1024x1024,565
0xA408C869,,uniform_base/scenery?,0A,0x3CCF3800,1507938,3,1024x1024,565
0xA462BB3F,,uniform_base/scenery?,0A,0x52365000,1539891,3,1024x1024,565
0xA52EE2E3,,uniform_base/scenery?,0A,0x40D45000,1250423,3,1024x1024,565
0xA63CC716,,uniform_base/scenery?,0A,0x3AC26800,1583641,3,1024x1024,565
0xA6E1FD73,uniform_base_lat_home.iff,uniform_base,0A,0x48CF6800,1487375,3,1024x1024,565
0xA791B7E4,,uniform_base/scenery?,0A,0x43140000,1231233,3,1024x1024,565
0xA83F8EC1,player_head_id_0735.iff,player_portrait,0B,0x2384D800,1012538,3,512x512,DXT4_5
0xA9901C57,,uniform_base/scenery?,0A,0x42324000,1231233,3,1024x1024,565
0xA9C8935B,,uniform_base/scenery?,0A,0x3DC5E800,1429094,3,1024x1024,565
0xA9F00C12,player_head_id_0331.iff,player_portrait,0B,0x1F883800,943712,3,512x512,DXT4_5
0xAB7138FA,player_head_id_0970.iff,player_portrait,0B,0x25DFE800,1023556,3,512x512,DXT4_5
0xABE3C08A,,uniform_base/scenery?,0A,0x43E2F000,1231233,3,1024x1024,565
0xAC2AD823,player_head_id_0147.iff,player_portrait,0B,0x1DDEE800,1059678,3,512x512,DXT4_5
0xAD338E5B,,uniform_base/scenery?,0A,0x426AB000,1231233,3,1024x1024,565
0xAF1160AA,,unknown_texture,0B,0x375DC000,290770,3,256x256,DXT5A
0xAF405286,,uniform_base/scenery?,0A,0x43F5C000,1231233,3,1024x1024,565
0xAF5B8725,,uniform_base/scenery?,0A,0x3E1B9800,1250406,3,1024x1024,565
0xB05D2A25,,uniform_base/scenery?,0A,0x52FD8800,1506608,3,1024x1024,565
0xB24F4F91,,uniform_base/scenery?,0A,0x44797000,1231233,3,1024x1024,565
0xB2B52257,,uniform_base/scenery?,0A,0x3F2E7000,1250410,3,1024x1024,565
0xB2FF4121,,uniform_base/scenery?,0A,0x4D8EC800,1452287,3,1024x1024,565
0xB3DA568F,player_head_id_0467.iff,player_portrait,0B,0x20BCB800,985573,3,512x512,DXT4_5
0xB4D8BDEB,pad_g18.iff,goalie_gear,0B,0x1A174000,648588,3,512x512,DXT4_5
0xB4E9E1F7,,uniform_base/scenery?,0A,0x40A5E800,1497622,3,1024x1024,565
0xB501BA65,,uniform_base/scenery?,0A,0x4E250000,1695392,3,1024x1024,565
0xB52B3DF1,,uniform_base/scenery?,0A,0x51843800,1454219,3,1024x1024,565
0xB686E2AC,player_head_id_0750.iff,player_portrait,0B,0x23D07000,1019058,3,512x512,DXT4_5
0xB6ECDD9D,,uniform_base/scenery?,0A,0x448C4000,1231233,3,1024x1024,565
0xB749607F,player_head_id_0354.iff,player_portrait,0B,0x1FA61000,977675,3,512x512,DXT4_5
0xB7E87F0A,,uniform_base/scenery?,0A,0x3F163800,1586827,3,1024x1024,565
0xB85A16EF,catcher_g00.iff,goalie_gear,0B,0x1AEF0800,497250,3,512x512,DXT4_5
0xB8D2A7D6,,unknown_texture,0A,0x36FF3800,194661,3,128x128,DXT1
0xB9633EC9,player_head_id_0209.iff,player_portrait,0B,0x1E3A9800,1025081,3,512x512,DXT4_5
0xB9C85DEC,,uniform_base/scenery?,0A,0x49850000,1481713,3,1024x1024,565
0xBA45FD74,uniform_base_fra_home.iff,uniform_base,0A,0x477ED000,1467149,3,1024x1024,565
0xBA9EAAF3,,uniform_base/scenery?,0A,0x42905000,1231233,3,1024x1024,565
0xBB10E0CF,player_head_id_0618.iff,player_portrait,0B,0x221EE000,1038276,3,512x512,DXT4_5
0xBB22EE32,,uniform_base/scenery?,0A,0x4E96E800,1523056,3,1024x1024,565
0xBB9680DD,player_head_id_0759.iff,player_portrait,0B,0x23E00000,993748,3,512x512,DXT4_5
0xBBE64A3A,catcher_g15.iff,goalie_gear,0B,0x1B89F800,652859,3,512x512,DXT4_5
0xBCEE3977,player_head_id_0773.iff,player_portrait,0B,0x243F0000,1005506,3,512x512,DXT4_5
0xBD12CB6D,,uniform_base/scenery?,0A,0x4522C000,1486535,3,1024x1024,565
0xBE1B8763,player_head_id_0223.iff,player_portrait,0B,0x1E599000,1013344,3,512x512,DXT4_5
0xBE3D38FF,,uniform_base/scenery?,0A,0x42A32000,1231233,3,1024x1024,565
0xBF3B6FA1,uniform_base_rus_home.iff,uniform_base,0A,0x4EF2A800,1504925,3,1024x1024,565
0xBF8633D7,,uniform_base/scenery?,0A,0x481F5000,1527559,3,1024x1024,565
0xBFCD38AE,uniform_base_aut_away.iff,uniform_base,0A,0x3BBD2800,1485982,3,1024x1024,565
0xBFD405B0,player_head_id_0627.iff,player_portrait,0B,0x222EB800,1002942,3,512x512,DXT4_5
0xC126195A,catcher_g17.iff,goalie_gear,0B,0x1BA09000,644673,3,512x512,DXT4_5
0xC127F2FE,,uniform_base/scenery?,0A,0x4C222000,1461662,3,1024x1024,565
0xC1876020,player_head_id_0116.iff,player_portrait,0B,0x1D66C800,969915,3,512x512,DXT4_5
0xC212F4B6,,unknown_texture,0A,0x37053800,194661,3,128x128,DXT1
0xC3088CFA,pad_g13.iff,goalie_gear,0B,0x19E3F000,716223,3,512x512,DXT4_5
0xC337FCD1,player_head_id_0381.iff,player_portrait,0B,0x1FD3C800,1008710,3,512x512,DXT4_5
0xC3F4BE26,player_head_id_0507.iff,player_portrait,0B,0x21369800,995476,3,512x512,DXT4_5
0xC54248DF,,uniform_base/scenery?,0A,0x3CE64000,1575415,3,1024x1024,565
0xC5487C1D,,uniform_base/scenery?,0A,0x4BCE7800,1502302,3,1024x1024,565
0xC62E6A17,player_head_id_0771.iff,player_portrait,0B,0x242EA800,1070113,3,512x512,DXT4_5
0xC699E576,uniform_base_fin_home.iff,uniform_base,0A,0x46DE9800,1489927,3,1024x1024,565
0xC6FF8F28,,uniform_base/scenery?,0A,0x42DB9000,1231233,3,1024x1024,565
0xC91A05EF,player_head_id_0465.iff,player_portrait,0B,0x20AD0000,1029159,3,512x512,DXT4_5
0xCB709CF3,uniform_base_bel_home.iff,uniform_base,0A,0x3C011000,1499039,3,1024x1024,565
0xCC5440A6,player_head_id_0799.iff,player_portrait,0B,0x245E1000,992135,3,512x512,DXT4_5
0xCC93B5A5,,uniform_base/scenery?,0A,0x4877C800,1250418,3,1024x1024,565
0xCCB0244F,uniform_base_kaz_home.iff,uniform_base,0A,0x47DA5800,1507278,3,1024x1024,565
0xCCB7B8E6,uniform_base_slo_home.iff,uniform_base,0A,0x4F914000,1517525,3,1024x1024,565
0xCCC135CF,,uniform_base/scenery?,0A,0x45CF1800,1453455,3,1024x1024,565
0xCD89331F,player_head_id_0356.iff,player_portrait,0B,0x1FB50000,1002494,3,512x512,DXT4_5
0xCE279EA0,player_head_id_0388.iff,player_portrait,0B,0x1FF32000,1059115,3,512x512,DXT4_5
0xCFEE18DA,uniform_base_swe_away.iff,uniform_base,0A,0x50490800,1478640,3,1024x1024,565
0xD0968A2B,,unknown_texture,0A,0x37186800,175701,3,128x128,DXT1
0xD1370B88,player_head_id_0833.iff,player_portrait,0B,0x24D8D800,1062416,3,512x512,DXT4_5
0xD321775D,,uniform_base/scenery?,0A,0x441B6000,1231233,3,1024x1024,565
0xD39179ED,,uniform_base/scenery?,0A,0x4D07B800,1492032,3,1024x1024,565
0xD41F3557,player_head_id_0415.iff,player_portrait,0B,0x20409800,1017549,3,512x512,DXT4_5
0xD448E6D8,player_head_id_0319.iff,player_portrait,0B,0x1F5AB000,1037301,3,512x512,DXT4_5
0xD5D0B784,player_head_id_0011.iff,player_portrait,0B,0x1C4B2000,1021414,3,512x512,DXT4_5
0xD63B38DE,player_head_id_0708.iff,player_portrait,0B,0x22F91800,1025982,3,512x512,DXT4_5
0xD6997418,,unknown_texture,0A,0x4E5E800,211985,3,128x128,DXT1
0xD6AFA9A6,player_head_id_0682.iff,player_portrait,0B,0x22B9B800,1036373,3,512x512,DXT4_5
0xD6C1B61D,,unknown_texture,0B,0x37888000,282409,3,256x256,DXT5A
0xD6EA8B43,player_head_id_0145.iff,player_portrait,0B,0x1DC0A000,1024287,3,512x512,DXT4_5
0xD75AA11A,,uniform_base/scenery?,0A,0x4AECF800,1250420,3,1024x1024,565
0xD782E551,,uniform_base/scenery?,0A,0x4453D000,1231233,3,1024x1024,565
0xD8E102DD,uniform_base_ukr_home.iff,uniform_base,0A,0x51C6E800,1466339,3,1024x1024,565
0xDA2A9015,,uniform_base/scenery?,0A,0x3DF1A000,1497360,3,1024x1024,565
0xDA356BE1,player_head_id_0548.iff,player_portrait,0B,0x2173F800,1040657,3,512x512,DXT4_5
0xDBD9B041,player_head_id_0951.iff,player_portrait,0B,0x25D08800,1005574,3,512x512,DXT4_5
0xDBE22CCE,,uniform_base/scenery?,0A,0x49E01800,1546509,3,1024x1024,565
0xDBF0923F,,uniform_base/scenery?,0A,0x4339A000,1231233,3,1024x1024,565
0xDCDA8FA6,,uniform_base/scenery?,0A,0x454FA000,1250401,3,1024x1024,565
0xDEBE1BC4,,uniform_base/scenery?,0A,0x50ED3800,1235726,3,1024x1024,565
0xDF0255C2,,uniform_base/scenery?,0A,0x473A1800,1517979,3,1024x1024,565
0xDF530033,,uniform_base/scenery?,0A,0x43721000,1231233,3,1024x1024,565
0xE0CA7402,,uniform_base/scenery?,0A,0x492B0000,1473071,3,1024x1024,565
0xE164193A,player_head_id_0026.iff,player_portrait,0B,0x1C997000,1034435,3,512x512,DXT4_5
0xE20BB5B6,,uniform_base/scenery?,0A,0x4188F000,1231233,3,1024x1024,565
0xE40C2611,,uniform_base/scenery?,0A,0x5112F800,1520218,3,1024x1024,565
0xE438AD19,player_head_id_0311.iff,player_portrait,0B,0x1F3D0000,955601,3,512x512,DXT4_5
0xE4F97323,uniform_base_can_home.iff,uniform_base,0A,0x3D81D800,1464972,3,1024x1024,565
0xE505C524,player_head_id_0945.iff,player_portrait,0B,0x25C0E800,1022163,3,512x512,DXT4_5
0xE5A0FC45,player_head_id_0019.iff,player_portrait,0B,0x1C6A6000,1046836,3,512x512,DXT4_5
0xE5FEB055,uniform_base_dmk_away.iff,uniform_base,0A,0x46122800,1471980,3,1024x1024,565
0xE63FF9E3,player_head_id_0811.iff,player_portrait,0B,0x247CE800,1017840,3,512x512,DXT4_5
0xE65A9A79,,uniform_base/scenery?,0A,0x4F4CE800,1478913,3,1024x1024,565
0xE6A827BA,,uniform_base/scenery?,0A,0x419BC000,1231233,3,1024x1024,565
0xE6C1E6A3,,uniform_base/scenery?,0A,0x4FD64800,1530265,3,1024x1024,565
0xE6CD130D,player_head_id_0641.iff,player_portrait,0B,0x224DD800,1008603,3,512x512,DXT4_5
0xE7B1DE90,,uniform_base/scenery?,0A,0x4A0E3800,1250402,3,1024x1024,565
0xE7D32243,player_head_id_0408.iff,player_portrait,0B,0x20314800,1002128,3,512x512,DXT4_5
0xE8ADF57F,,uniform_base/scenery?,0A,0x4B736800,1499127,3,1024x1024,565
0xE8B09E34,player_head_id_0010.iff,player_portrait,0B,0x1C3B8000,1022113,3,512x512,DXT4_5
0xEB4F8A9B,,uniform_base/scenery?,0A,0x45FB7800,1486164,3,1024x1024,565
0xEB5B116E,player_head_id_0709.iff,player_portrait,0B,0x2308C000,994535,3,512x512,DXT4_5
0xEBDD717C,player_head_id_0648.iff,player_portrait,0B,0x226CB800,992391,3,512x512,DXT4_5
0xEC572238,player_head_id_0832.iff,player_portrait,0B,0x24C9C800,985762,3,512x512,DXT4_5
0xEC7921C5,,uniform_base/scenery?,0A,0x527C5800,1250539,3,1024x1024,565
0xEC851E30,,unknown_texture,0B,0x37623000,291992,3,256x256,DXT5A
0xEED616D0,player_head_id_0273.iff,player_portrait,0B,0x1EE06800,1004958,3,512x512,DXT4_5
0xEF561598,,unknown_texture,0A,0x4DC2800,211985,3,128x128,DXT1
0xF08B6B51,blocker_g13.iff,goalie_gear,0B,0x1AB98800,618175,3,512x512,DXT4_5
0xF0AC384A,player_head_id_0490.iff,player_portrait,0B,0x2117B800,1005009,3,512x512,DXT4_5
0xF163BA99,player_head_id_0094.iff,player_portrait,0B,0x1D396800,1029949,3,512x512,DXT4_5
0xF21CA4BB,player_head_id_0607.iff,player_portrait,0B,0x21F08800,1010833,3,512x512,DXT4_5
0xF22F29AF,,uniform_base/scenery?,0A,0x4C7D8800,1516431,3,1024x1024,565
0xF29AC4A9,player_head_id_0746.iff,player_portrait,0B,0x23A40800,1033319,3,512x512,DXT4_5
0xF31829C2,uniform_base_ger_away.iff,uniform_base,0A,0x47953800,1507767,3,1024x1024,565
0xF364DA3C,,uniform_base/scenery?,0A,0x4D785800,1469404,3,1024x1024,565
0xF4BFEF2C,,uniform_base/scenery?,0A,0x4AA90000,1670764,3,1024x1024,565
0xF7401098,player_head_id_0530.iff,player_portrait,0B,0x21550000,1020054,3,512x512,DXT4_5
0xF823ACEF,player_head_id_0128.iff,player_portrait,0B,0x1D93B800,1013886,3,512x512,DXT4_5
0xF886958E,player_head_id_0874.iff,player_portrait,0B,0x25368800,939475,3,512x512,DXT4_5
0xF8F21F72,player_head_id_0765.iff,player_portrait,0B,0x23FEB800,1055542,3,512x512,DXT4_5
0xFB3AC95B,player_head_id_0861.iff,player_portrait,0B,0x2507B800,996429,3,512x512,DXT4_5
0xFB4E43A7,player_head_id_0770.iff,player_portrait,0B,0x241E4000,1074294,3,512x512,DXT4_5
0xFBA73AAD,,uniform_base/scenery?,0A,0x41F9D000,1231233,3,1024x1024,565
0xFC4630EA,catcher_g16.iff,goalie_gear,0B,0x1B952800,672701,3,512x512,DXT4_5
0xFD28CB43,player_head_id_0513.iff,player_portrait,0B,0x2145D000,994279,3,512x512,DXT4_5
0xFE12F784,player_head_id_0447.iff,player_portrait,0B,0x208E4000,1011529,3,512x512,DXT4_5
0xFF04A8A1,,uniform_base/scenery?,0A,0x420CA000,1231233,3,1024x1024,565
0xFF72DD06,,unknown_texture,0A,0x37023800,194661,3,128x128,DXT1
0xFFCF843D,player_head_id_0088.iff,player_portrait,0B,0x1D0DB000,973382,3,512x512,DXT4_5
0x00A7318A,,uniform_component?,0B,0xDAC000,1051881,2,2048x512,4444
0x03660E4C,,uniform_component?,0A,0x69006000,721288,2,2048x512,4444
0x052B3BBC,,uniform_component?,0B,0x59AD000,958530,2,2048x512,4444
0x0574394D,,uniform_component?,0B,0xE8800,873574,2,2048x512,4444
0x066D4837,,uniform_component?,0A,0x6815D800,641348,2,2048x512,4444
0x06A5420C,,uniform_component?,0A,0x67233800,991948,2,2048x512,4444
0x072F5294,,uniform_component?,0B,0x756E000,763656,2,2048x512,4444
0x07C59C40,,uniform_component?,0A,0x690B6800,688303,2,2048x512,4444
0x08374673,,uniform_component?,0B,0x2778000,960734,2,2048x512,4444
0x0892FE7C,,uniform_component?,0B,0x3E1B000,865308,2,2048x512,4444
0x095248C0,,uniform_component?,0B,0x2687000,985957,2,2048x512,4444
0x097F9CA3,,uniform_component?,0A,0x6B09A800,790255,2,2048x512,4444
0x0C580541,,uniform_component?,0A,0x658A0000,985426,2,2048x512,4444
0x0CF7445D,,uniform_component?,0A,0x664C0800,924246,2,2048x512,4444
0x0D53D2BF,catcher_g19_logos_l.iff,goalie_gear,0B,0x1BBEC800,23686,2,512x512,DXT4_5
0x0D62CA69,,uniform_component?,0B,0x19E6800,748050,2,2048x512,4444
0x0F1522D9,catcher_g18_logos_r.iff,goalie_gear,0B,0x1BB5D800,16668,2,512x512,DXT4_5
0x10204893,,uniform_component?,0B,0x66F8800,780637,2,2048x512,4444
0x1068B8E8,,uniform_component?,0A,0x6A444800,726156,2,2048x512,4444
0x1379E8AF,,uniform_component?,0B,0x5F24000,763325,2,2048x512,4444
0x137E7406,,uniform_component?,0B,0x151B000,882759,2,2048x512,4444
0x139F8B77,,uniform_component?,0B,0x5017800,984325,2,2048x512,4444
0x139F9C97,uniform_muvo_away.iff,uniform,0A,0x66EAF800,950124,2,2048x512,4444
0x1446B2DF,,uniform_component?,0B,0x6A4A800,573624,2,2048x512,4444
0x14BECCBA,,uniform_component?,0A,0x65BE8800,746394,2,2048x512,4444
0x14CB2AE4,,uniform_component?,0A,0x6A661800,759853,2,2048x512,4444
0x14E8A8CA,,uniform_component?,0A,0x67999000,589360,2,2048x512,4444
0x15931516,,uniform_component?,0B,0x39FD800,897719,2,2048x512,4444
0x16ABDED6,,uniform_component?,0B,0x317F800,790946,2,2048x512,4444
0x16B75940,,uniform_component?,0B,0xF92800,939563,2,2048x512,4444
0x16F073B8,,uniform_component?,0A,0x67E09000,1251435,2,2048x512,4444
0x17C93921,catcher_g00_logos_l.iff,goalie_gear,0B,0x1AF6A000,33630,2,512x512,DXT4_5
0x17FE3406,blocker_g00_logos_r.iff,goalie_gear,0B,0x1A3DF800,21124,2,512x512,DXT4_5
0x1957B53F,,uniform_component?,0B,0xBBE000,900003,2,2048x512,4444
0x1A24756F,,uniform_component?,0B,0x4742000,889965,2,2048x512,4444
0x1ACA8157,,uniform_component?,0A,0x6954A000,730268,2,2048x512,4444
0x1CCB8F60,,unknown_texture,0A,0x455800,1501690,2,512x256,DXT5A
0x1D2BF06A,,uniform_component?,0A,0x6B4EC000,935358,2,2048x512,4444
0x1F4F6408,,uniform_component?,0B,0x6D28800,941194,2,2048x512,4444
0x20B44E5B,,uniform_component?,0A,0x66092800,1137473,2,2048x512,4444
0x2118F9FD,,uniform_component?,0B,0x37F5800,974192,2,2048x512,4444
0x22FA8619,,uniform_component?,0B,0x28F000,835153,2,2048x512,4444
0x2331A6DE,,uniform_component?,0A,0x69B26800,714646,2,2048x512,4444
0x255517AD,,uniform_component?,0B,0x1870800,569942,2,2048x512,4444
0x2640A15C,,uniform_component?,0B,0x2B0D800,790203,2,2048x512,4444
0x279234D2,,uniform_component?,0A,0x69D29000,677606,2,2048x512,4444
0x27C1EF17,,uniform_component?,0A,0x6B22B000,550499,2,2048x512,4444
0x281F472F,,unknown_texture,0A,0x44C9800,136031,2,256x256,DXT4_5
0x2852FACB,blocker_g17_logos_l.iff,goalie_gear,0B,0x1AEE5000,22486,2,512x512,DXT4_5
0x2865F7EC,catcher_g17_logos_r.iff,goalie_gear,0B,0x1BAAF800,35359,2,512x512,DXT4_5
0x28A27D7F,,unknown_texture,0A,0x176000,1498111,2,512x256,DXT5A
0x297F7880,,uniform_component?,0B,0x21A8000,1019947,2,2048x512,4444
0x2A140AAD,blocker_g16_logos_r.iff,goalie_gear,0B,0x1AE39000,19582,2,512x512,DXT4_5
0x2A23078A,catcher_g16_logos_l.iff,goalie_gear,0B,0x1B9F7000,35690,2,512x512,DXT4_5
0x2BE043BC,,uniform_component?,0A,0x6ACBA800,643534,2,2048x512,4444
0x2C5361C4,,uniform_component?,0A,0x64F80800,775366,2,2048x512,4444
0x2C536D79,,uniform_component?,0B,0x73CC000,947812,2,2048x512,4444
0x2CD6798B,,uniform_component?,0B,0x12D0800,758209,2,2048x512,4444
0x2D1AC496,,uniform_component?,0A,0x64E7E000,1058058,2,2048x512,4444
0x2D885E09,,uniform_component?,0B,0x7C39800,810652,2,2048x512,4444
0x2DB92A93,,uniform_component?,0B,0x6E0E800,913114,2,2048x512,4444
0x2E3AC58D,,uniform_component?,0A,0x68A08000,557417,2,2048x512,4444
0x2F43D1B0,,uniform_component?,0A,0x6AEA5800,720355,2,2048x512,4444
0x2F74EA21,,uniform_component?,0B,0x6228800,1159080,2,2048x512,4444
0x2FD29E1F,,uniform_component?,0B,0x5282000,589172,2,2048x512,4444
0x2FEF96FB,,uniform_component?,0B,0x5C80800,1021541,2,2048x512,4444
0x303F107A,,uniform_component?,0A,0x69943800,673951,2,2048x512,4444
0x324CCCA7,,uniform_component?,0A,0x6A71B800,734083,2,2048x512,4444
0x3292966B,,uniform_component?,0A,0x67326000,952424,2,2048x512,4444
0x331BB721,,uniform_component?,0A,0x66E26000,561364,2,2048x512,4444
0x349C8276,,uniform_component?,0A,0x699E8800,649238,2,2048x512,4444
0x34C6EBC2,,uniform_component?,0A,0x662BB800,935984,2,2048x512,4444
0x3620CAFC,,uniform_component?,0B,0x78AA000,945164,2,2048x512,4444
0x36260425,,uniform_component?,0B,0x16E1000,1064491,2,2048x512,4444
0x36EF5EAB,,uniform_component?,0A,0x6A937000,737991,2,2048x512,4444
0x370CB499,catcher_g13_logos_l.iff,goalie_gear,0B,0x1B80D000,28280,2,512x512,DXT4_5
0x373BB9BE,blocker_g13_logos_r.iff,goalie_gear,0B,0x1AC39000,35510,2,512x512,DXT4_5
0x39A39C64,,uniform_component?,0B,0x610000,1101643,2,2048x512,4444
0x3A30E01C,,uniform_component?,0B,0x35B000,1032002,2,2048x512,4444
0x3A9D29C5,,uniform_component?,0A,0x69F22800,701104,2,2048x512,4444
0x3ACDFC06,,unknown_texture,0B,0x370A9800,267889,2,256x256,DXT5A
0x3B0A75EC,,uniform_component?,0A,0x68054000,1086485,2,2048x512,4444
0x3B37236A,,uniform_component?,0A,0x66B05000,758909,2,2048x512,4444
0x3B74BE4B,pad_g16_logos.iff,goalie_gear,0B,0x1A0D3800,27638,2,128x128,DXT4_5
0x3B9A252D,,uniform_component?,0B,0x41B4800,1063066,2,2048x512,4444
0x3CEFE36C,,uniform_component?,0A,0x6503E000,583354,2,2048x512,4444
0x3D4B7409,,uniform_component?,0B,0x553000,773041,2,2048x512,4444
0x3E3EBBC9,,uniform_component?,0A,0x6A11C000,664985,2,2048x512,4444
0x3E8DB993,,uniform_component?,0A,0x68855000,792477,2,2048x512,4444
0x3EB19F45,,uniform_component?,0B,0x7A1E000,576611,2,2048x512,4444
0x3EDBEC13,,uniform_component?,0A,0x663A0800,589172,2,2048x512,4444
0x408C4AE0,,uniform_component?,0B,0x4596800,863879,2,2048x512,4444
0x413108B4,,uniform_component?,0B,0x2863000,589172,2,2048x512,4444
0x425F9E12,,uniform_component?,0A,0x6A262800,670699,2,2048x512,4444
0x426249A7,,uniform_component?,0B,0x5763000,1067363,2,2048x512,4444
0x42B416E7,,uniform_component?,0B,0x3086800,1019103,2,2048x512,4444
0x434F0D0E,,uniform_component?,0A,0x6B338000,847998,2,2048x512,4444
0x43AFC362,,uniform_component?,0B,0x82A000,966074,2,2048x512,4444
0x43C810A4,,uniform_component?,0A,0x653AB000,785489,2,2048x512,4444
0x444610C3,,uniform_component?,0A,0x66BBE800,962847,2,2048x512,4444
0x462F3E8B,,uniform_component?,0B,0x7628800,788485,2,2048x512,4444
0x46D86290,,uniform_component?,0A,0x652DD000,843229,2,2048x512,4444
0x46FC0C1E,,uniform_component?,0A,0x6A306800,650164,2,2048x512,4444
0x470CE25F,,uniform_component?,0B,0x694D800,1035573,2,2048x512,4444
0x480E4F80,blocker_g15_logos_l.iff,goalie_gear,0B,0x1AD94000,20315,2,512x512,DXT4_5
0x483942A7,catcher_g15_logos_r.iff,goalie_gear,0B,0x1B948800,39306,2,512x512,DXT4_5
0x48643867,pad_g00_logos.iff,goalie_gear,0B,0x1969F800,15824,2,128x128,DXT4_5
0x48BC6439,,uniform_component?,0B,0x40B2000,1058251,2,2048x512,4444
0x4A231209,pad_g13_logos.iff,goalie_gear,0B,0x19EEE000,21170,2,128x128,DXT4_5
0x4A48BFE6,blocker_g14_logos_r.iff,goalie_gear,0B,0x1ACE8000,28937,2,512x512,DXT4_5
0x4A7FB2C1,catcher_g14_logos_l.iff,goalie_gear,0B,0x1B890000,30711,2,512x512,DXT4_5
0x4A8E7B70,,uniform_component?,0A,0x6AA95000,693736,2,2048x512,4444
0x4AB366DD,,uniform_component?,0A,0x665A2800,906967,2,2048x512,4444
0x4B5A1AD8,,uniform_component?,0A,0x6B68E800,734105,2,2048x512,4444
0x4C678C79,,uniform_component?,0A,0x68297800,1025306,2,2048x512,4444
0x4CBEE36B,,uniform_component?,0B,0x6876000,881706,2,2048x512,4444
0x4D923AA7,,uniform_component?,0B,0x49D9800,1009653,2,2048x512,4444
0x4E009B12,,uniform_component?,0A,0x6AFF8000,665142,2,2048x512,4444
0x4E2DE97C,,uniform_component?,0A,0x6AB3E800,777117,2,2048x512,4444
0x4E6A91CB,,uniform_component?,0B,0x9EB800,1007861,2,2048x512,4444
0x4EF3F1DC,,uniform_component?,0A,0x656E5000,905257,2,2048x512,4444
0x4F13CA54,,uniform_component?,0B,0x1EF7800,751177,2,2048x512,4444
0x4F350747,,uniform_component?,0B,0x5FDE800,1247374,2,2048x512,4444
0x506CE6A8,,uniform_component?,0B,0x3D64000,748818,2,2048x512,4444
0x527011DC,,uniform_component?,0B,0x657A800,780911,2,2048x512,4444
0x52DF144F,,unknown_texture,0A,0x450C800,136031,2,256x256,DXT4_5
0x53529F78,,uniform_component?,0B,0x5108000,958028,2,2048x512,4444
0x53711C73,,uniform_component?,0B,0x38E3800,1153113,2,2048x512,4444
0x53C5ED0E,,uniform_component?,0A,0x68B19000,982809,2,2048x512,4444
0x5427877F,,uniform_component?,0A,0x65FA5000,971080,2,2048x512,4444
0x55913881,,uniform_component?,0B,0x18FC000,958602,2,2048x512,4444
0x55A24985,,uniform_component?,0B,0xC9A000,1120732,2,2048x512,4444
0x56018BDE,,uniform_component?,0B,0x7F6D000,794185,2,2048x512,4444
0x5656DB3C,,uniform_component?,0A,0x6B742000,854222,2,2048x512,4444
0x5709D4B4,,uniform_component?,0A,0x6740F000,1039310,2,2048x512,4444
0x57BC153D,,uniform_component?,0B,0x53FA000,832005,2,2048x512,4444
0x5A0AA124,,uniform_component?,0B,0x7CFF800,821099,2,2048x512,4444
0x5A510FEA,,uniform_component?,0B,0x2983000,824816,2,2048x512,4444
0x5AA1FDEC,,uniform_component?,0A,0x661A8800,1125214,2,2048x512,4444
0x5D387D42,,uniform_component?,0A,0x68464000,858895,2,2048x512,4444
0x5E1C2FC9,,uniform_component?,0B,0x33F4000,1011596,2,2048x512,4444
0x5F508305,,uniform_component?,0A,0x69DCE800,694927,2,2048x512,4444
0x5F9B5867,,uniform_component?,0B,0x3AD9000,586899,2,2048x512,4444
0x5FF230F0,,uniform_component?,0B,0x5A97800,980050,2,2048x512,4444
0x600368E7,,uniform_component?,0A,0x65991000,852671,2,2048x512,4444
0x6059355E,,uniform_component?,0B,0x4CBB800,753504,2,2048x512,4444
0x60F53FE8,,uniform_component?,0B,0x590A800,664530,2,2048x512,4444
0x62083680,,uniform_component?,0A,0x695FC800,654884,2,2048x512,4444
0x6318078A,pad_g14_logos.iff,goalie_gear,0B,0x19F8B000,27638,2,128x128,DXT4_5
0x64DF9D2F,,uniform_component?,0A,0x68CBE800,742131,2,2048x512,4444
0x658BAD3D,,uniform_component?,0B,0x1225000,700788,2,2048x512,4444
0x66ABA48C,,uniform_component?,0A,0x697ED800,724226,2,2048x512,4444
0x68C51131,,uniform_component?,0B,0x22A1800,1149226,2,2048x512,4444
0x6902954D,pad_g18_logos.iff,goalie_gear,0B,0x1A212800,26888,2,128x128,DXT4_5
0x69B7FE46,,uniform_component?,0B,0x4AD0000,503783,2,2048x512,4444
0x6DB4D851,,uniform_component?,0A,0x68E64000,989135,2,2048x512,4444
0x6E6CCB56,,uniform_component?,0B,0x2F67800,585913,2,2048x512,4444
0x6EAAF8E9,,uniform_component?,0A,0x66F97800,892054,2,2048x512,4444
0x6FBF3DFF,,unknown_texture,0A,0x44EB000,136037,2,256x256,DXT4_5
0x707D516E,,uniform_component?,0B,0x2599800,972645,2,2048x512,4444
0x7297E2B0,,uniform_component?,0B,0x5591000,948617,2,2048x512,4444
0x73445D9B,,uniform_component?,0A,0x67C19000,833025,2,2048x512,4444
0x75D70558,,uniform_component?,0B,0x610F800,1150758,2,2048x512,4444
0x792FAD3A,,uniform_component?,0B,0x1E1D800,892271,2,2048x512,4444
0x79E826A7,,uniform_component?,0B,0x802F000,798966,2,2048x512,4444
0x7B4A4DA3,,uniform_component?,0B,0x4BC6000,1003617,2,2048x512,4444
0x7BA4B99B,,uniform_component?,0A,0x69207800,706226,2,2048x512,4444
0x7C9E3173,,uniform_component?,0B,0x72E3000,953096,2,2048x512,4444
0x7E5D7388,,uniform_component?,0A,0x67A29000,1197549,2,2048x512,4444
0x7F072B97,,uniform_component?,0A,0x693FC000,635031,2,2048x512,4444
0x80FBC645,,uniform_component?,0B,0xAE2000,900003,2,2048x512,4444
0x8366F22D,,uniform_component?,0A,0x69497800,730268,2,2048x512,4444
0x83880615,,uniform_component?,0B,0x4669800,885413,2,2048x512,4444
0x84878310,,uniform_component?,0A,0x6B407800,935358,2,2048x512,4444
0x86E31772,,uniform_component?,0B,0x6C42800,941194,2,2048x512,4444
0x898C3BE9,,uniform_component?,0B,0x67B7800,779969,2,2048x512,4444
0x89C4CB92,,uniform_component?,0A,0x6A4F6000,726156,2,2048x512,4444
0x8A33EFED,uniform_muvo_home.iff,uniform,0A,0x6714B800,950124,2,2048x512,4444
0x8AD2077C,,uniform_component?,0B,0x1443000,882759,2,2048x512,4444
0x8AD59BD5,,uniform_component?,0B,0x5E69800,763325,2,2048x512,4444
0x8C3F666C,,uniform_component?,0B,0x3EEE800,895524,2,2048x512,4444
0x8C7AEBF3,,uniform_component?,0A,0x65C9F000,1057565,2,2048x512,4444
0x8D12BFC0,,uniform_component?,0A,0x65B31800,747973,2,2048x512,4444
0x8D44DBB0,,uniform_component?,0A,0x67909000,589360,2,2048x512,4444
0x8D67599E,,uniform_component?,0A,0x6A5A7800,759853,2,2048x512,4444
0x8DEAC1A5,,uniform_component?,0B,0x6AD7000,573624,2,2048x512,4444
0x8F07ADAC,,uniform_component?,0B,0x3241000,781997,2,2048x512,4444
0x8F1B2A3A,,uniform_component?,0B,0xEAD000,939563,2,2048x512,4444
0x8F5C00C2,,uniform_component?,0A,0x677DA000,1240738,2,2048x512,4444
0x90FE3BBA,,uniform_component?,0B,0x23BA800,988425,2,2048x512,4444
0x913E8D06,,uniform_component?,0B,0x3BF8000,870570,2,2048x512,4444
0x919B3509,,uniform_component?,0B,0x2C98000,960734,2,2048x512,4444
0x94CEB913,,uniform_component?,0B,0x1A9D800,748050,2,2048x512,4444
0x953E4074,,uniform_component?,0B,0x34EB000,1064667,2,2048x512,4444
0x955B3727,,uniform_component?,0A,0x6675D800,924196,2,2048x512,4444
0x9567C4FE,,uniform_component?,0B,0x2D83000,912841,2,2048x512,4444
0x95989605,blocker_g14_logos_l.iff,goalie_gear,0B,0x1ACE1000,28545,2,512x512,DXT4_5
0x95AF9B22,catcher_g14_logos_r.iff,goalie_gear,0B,0x1B897800,30804,2,512x512,DXT4_5
0x95F4763B,,uniform_component?,0A,0x655F4800,985066,2,2048x512,4444
0x96C6E7A5,,uniform_component?,0A,0x67F3B000,1149270,2,2048x512,4444
0x97DE6663,blocker_g15_logos_r.iff,goalie_gear,0B,0x1AD99000,20280,2,512x512,DXT4_5
0x97E96B44,catcher_g15_logos_l.iff,goalie_gear,0B,0x1B93F000,38790,2,512x512,DXT4_5
0x990B42F0,,uniform_component?,0B,0x1078000,1051883,2,2048x512,4444
0x9ACA7D36,,uniform_component?,0A,0x68F55800,721288,2,2048x512,4444
0x9CD84A37,,uniform_component?,0B,0x13000,873607,2,2048x512,4444
0x9E69EF3A,,uniform_component?,0A,0x6915F000,688303,2,2048x512,4444
0x9E8321EE,,uniform_component?,0B,0x74B3800,763656,2,2048x512,4444
0x9F093176,,uniform_component?,0A,0x66CAA000,991973,2,2048x512,4444
0x9FC13B4D,,uniform_component?,0A,0x681FA800,641348,2,2048x512,4444
0xA1D2456F,,uniform_component?,0B,0x44BF000,882515,2,2048x512,4444
0xA2365657,,uniform_component?,0B,0x42B8800,1063029,2,2048x512,4444
0xA296D84A,pad_g15_logos.iff,goalie_gear,0B,0x1A030000,26888,2,128x128,DXT4_5
0xA29B5010,,uniform_component?,0A,0x66A4B800,758909,2,2048x512,4444
0xA2A60696,,uniform_component?,0A,0x68630800,1087375,2,2048x512,4444
0xA3315ABF,,uniform_component?,0A,0x69FCE000,701104,2,2048x512,4444
0xA39C9366,,uniform_component?,0B,0x457000,1031287,2,2048x512,4444
0xA5439016,,uniform_component?,0A,0x650CC800,583354,2,2048x512,4444
0xA5AE9C30,,uniform_component?,0A,0x66924800,1207955,2,2048x512,4444
0xA71DEC3F,,uniform_component?,0B,0x7991000,576611,2,2048x512,4444
0xA7779F69,,uniform_component?,0A,0x66430800,589172,2,2048x512,4444
0xA792C8B3,,uniform_component?,0A,0x6A079800,664985,2,2048x512,4444
0xA88C4A8D,pad_g19_logos.iff,goalie_gear,0B,0x1A33A000,28085,2,128x128,DXT4_5
0xA9936300,,uniform_component?,0A,0x6989E800,673951,2,2048x512,4444
0xAAB7C45B,,uniform_component?,0A,0x66D9C800,561812,2,2048x512,4444
0xAB3EE511,,uniform_component?,0A,0x6760B000,952625,2,2048x512,4444
0xABE0BFDD,,uniform_component?,0A,0x6A7CF000,734083,2,2048x512,4444
0xAD30F10C,,uniform_component?,0A,0x69A87800,649238,2,2048x512,4444
0xAD6A98B8,,uniform_component?,0A,0x6683F800,936164,2,2048x512,4444
0xAF432DD1,,uniform_component?,0A,0x6A882800,737991,2,2048x512,4444
0xAF8A775F,,uniform_component?,0B,0x1C3F000,1065671,2,2048x512,4444
0xAF8CB986,,uniform_component?,0B,0x7DC8000,941029,2,2048x512,4444
0xB0D30BFA,,uniform_component?,0B,0x20AA000,1038905,2,2048x512,4444
0xB24C30C6,,uniform_component?,0A,0x6AD58000,643534,2,2048x512,4444
0xB41559E9,,uniform_component?,0B,0x6B63800,913152,2,2048x512,4444
0xB4242D73,,uniform_component?,0B,0x7B73800,810652,2,2048x512,4444
0xB4B6B7EC,,uniform_component?,0A,0x64D7B800,1058065,2,2048x512,4444
0xB57A0AF1,,uniform_component?,0B,0x138A000,756626,2,2048x512,4444
0xB5FF12BE,,uniform_component?,0A,0x6546B000,774848,2,2048x512,4444
0xB5FF1E03,,uniform_component?,0B,0x70C4000,1108631,2,2048x512,4444
0xB643E581,,uniform_component?,0B,0x5B87000,1021568,2,2048x512,4444
0xB67EED65,,uniform_component?,0B,0x51F2000,589172,2,2048x512,4444
0xB6D8995B,,uniform_component?,0B,0x6343800,1165455,2,2048x512,4444
0xB6EFA2CA,,uniform_component?,0A,0x6ADF5800,720355,2,2048x512,4444
0xB796B6F7,,uniform_component?,0A,0x68A90800,557417,2,2048x512,4444
0xB8B48A87,,uniform_component?,0B,0x3707800,974210,2,2048x512,4444
0xB9183D21,,uniform_component?,0A,0x65DA1800,1137491,2,2048x512,4444
0xB9AF7A4D,,uniform_component?,0A,0x65528800,833914,2,2048x512,4444
0xBA9DD5A4,,uniform_component?,0A,0x69BD5000,714646,2,2048x512,4444
0xBCF964D7,,uniform_component?,0B,0x17E5000,569898,2,2048x512,4444
0xBD1AB121,,unknown_texture,0A,0xA000,1489101,2,512x256,DXT5A
0xBE3E47A8,,uniform_component?,0A,0x69C83800,677606,2,2048x512,4444
0xBE6D9C6D,,uniform_component?,0A,0x6B2B1800,550499,2,2048x512,4444
0xBEB6BDE2,,unknown_texture,0A,0x2E4000,1512687,2,512x256,DXT5A
0xBFECD226,,uniform_component?,0B,0x2A4C800,790203,2,2048x512,4444
0xC3A6D25E,,uniform_component?,0B,0x7AAB000,821128,2,2048x512,4444
0xC3FD7C90,,uniform_component?,0B,0x2BCE800,824789,2,2048x512,4444
0xC4940E38,,uniform_component?,0A,0x68392000,858895,2,2048x512,4444
0xC6372B1D,,uniform_component?,0B,0x3B68800,586899,2,2048x512,4444
0xC65E438A,,uniform_component?,0B,0x5D7A000,980190,2,2048x512,4444
0xC6FCF07F,,uniform_component?,0A,0x69E78800,694927,2,2048x512,4444
0xC7B05CB3,,uniform_component?,0B,0x2E62000,1069264,2,2048x512,4444
0xC81910C2,catcher_g00_logos_r.iff,goalie_gear,0B,0x1AF72800,33371,2,512x512,DXT4_5
0xC82E1DE5,blocker_g00_logos_l.iff,goalie_gear,0B,0x1A3DA000,21186,2,512x512,DXT4_5
0xC9C095D2,,uniform_component?,0B,0x3CCD000,617645,2,2048x512,4444
0xCA699E74,,uniform_component?,0A,0x68D74000,982828,2,2048x512,4444
0xCADD6F09,,uniform_component?,0B,0x35EF000,1148645,2,2048x512,4444
0xCAFEEC02,,uniform_component?,0B,0x5679000,958014,2,2048x512,4444
0xCB0DFE59,,uniform_component?,0A,0x676F4000,941567,2,2048x512,4444
0xCBD10903,,uniform_component?,0B,0x7EAE000,782173,2,2048x512,4444
0xCBDC62A6,,uniform_component?,0B,0x6639800,780388,2,2048x512,4444
0xCC3D4BFB,,uniform_component?,0B,0x1B54800,959787,2,2048x512,4444
0xCD8BF405,,uniform_component?,0A,0x65EB7800,971002,2,2048x512,4444
0xCE106647,,uniform_component?,0B,0x54C5800,832005,2,2048x512,4444
0xCEA5A7CE,,uniform_component?,0A,0x6750D000,1039310,2,2048x512,4444
0xCFADF8A4,,uniform_component?,0B,0x81B6000,793706,2,2048x512,4444
0xCFFAA846,,uniform_component?,0B,0x1BE000,854682,2,2048x512,4444
0xD0C50B3A,catcher_g18_logos_l.iff,goalie_gear,0B,0x1BB59800,16137,2,512x512,DXT4_5
0xD1101743,,uniform_component?,0B,0x43BC800,1058255,2,2048x512,4444
0xD113C92F,,uniform_component?,0B,0x77AA800,1045965,2,2048x512,4444
0xD283FB5C,catcher_g19_logos_r.iff,goalie_gear,0B,0x1BBF2800,23829,2,512x512,DXT4_5
0xD2C83CE5,,uniform_component?,0B,0x48F0000,955197,2,2048x512,4444
0xD2F669A2,,uniform_component?,0A,0x6B15B800,849418,2,2048x512,4444
0xD31F15A7,,uniform_component?,0A,0x66680000,906967,2,2048x512,4444
0xD322080A,,uniform_component?,0A,0x6A9EB800,693736,2,2048x512,4444
0xD43E49DD,,uniform_component?,0B,0x4F21000,1009653,2,2048x512,4444
0xD5CBFF03,,uniform_component?,0A,0x68536000,1025197,2,2048x512,4444
0xD75F82A6,,uniform_component?,0A,0x657C2800,905638,2,2048x512,4444
0xD7819A06,,uniform_component?,0A,0x6ABFC800,777117,2,2048x512,4444
0xD7ACE868,,uniform_component?,0A,0x6AF55800,665142,2,2048x512,4444
0xD7C6E2B1,,uniform_component?,0B,0x71D000,1101667,2,2048x512,4444
0xD7DD102F,,uniform_component?,0B,0x15F3000,973606,2,2048x512,4444
0xD89D7BCE,,uniform_component?,0B,0x28F3000,589172,2,2048x512,4444
0xD920399A,,uniform_component?,0B,0x481B800,868432,2,2048x512,4444
0xDA03B018,,uniform_component?,0B,0x916000,874368,2,2048x512,4444
0xDA6463DE,,uniform_component?,0A,0x6515B000,735757,2,2048x512,4444
0xDAE37E74,,uniform_component?,0A,0x6B5D0800,777314,2,2048x512,4444
0xDB18659D,,uniform_component?,0B,0x3300000,997891,2,2048x512,4444
0xDBF3ED68,,uniform_component?,0A,0x6A1BE800,670699,2,2048x512,4444
0xDD42F138,,uniform_component?,0B,0x6FEA800,889106,2,2048x512,4444
0xDDF126B8,,unknown_texture,0A,0x5C4800,1494088,2,512x256,DXT5A
0xDEA09125,,uniform_component?,0B,0x6EED800,1035552,2,2048x512,4444
0xDF507F64,,uniform_component?,0A,0x6A3A5800,650164,2,2048x512,4444
0xDF7411EA,,uniform_component?,0A,0x6520F000,843229,2,2048x512,4444
0xDF834DF1,,uniform_component?,0B,0x76E9800,788485,2,2048x512,4444
0xE04455DD,,uniform_component?,0B,0x80F2800,799694,2,2048x512,4444
0xE083DE40,,uniform_component?,0B,0x1D43800,892772,2,2048x512,4444
0xE208CAE1,,uniform_component?,0A,0x692B4000,706226,2,2048x512,4444
0xE2E63ED9,,uniform_component?,0B,0x4E2B800,1003585,2,2048x512,4444
0xE5324209,,uniform_component?,0B,0x71D3000,1112616,2,2048x512,4444
0xE6AB58ED,,uniform_component?,0A,0x69360800,635031,2,2048x512,4444
0xE7F100F2,,uniform_component?,0A,0x67CE4800,1197549,2,2048x512,4444
0xE8DC9D7A,catcher_g13_logos_r.iff,goalie_gear,0B,0x1B814000,29243,2,512x512,DXT4_5
0xE8EB905D,blocker_g13_logos_l.iff,goalie_gear,0B,0x1AC2F800,36981,2,512x512,DXT4_5
0xE9D12214,,uniform_component?,0B,0x24AC000,972794,2,2048x512,4444
0xEAE82EE1,,uniform_component?,0A,0x67B4D800,833025,2,2048x512,4444
0xEB3B91CA,,uniform_component?,0B,0x5312000,948641,2,2048x512,4444
0xEC7B7622,,uniform_component?,0B,0x6460800,1154754,2,2048x512,4444
0xF01B8D3C,,uniform_component?,0B,0x4B4B000,503783,2,2048x512,4444
0xF169624B,,uniform_component?,0B,0x1FAF000,1026396,2,2048x512,4444
0xF2454057,,uniform_component?,0A,0x6873A000,1158879,2,2048x512,4444
0xF418AB2B,,uniform_component?,0A,0x68916800,989018,2,2048x512,4444
0xF5C4234E,blocker_g16_logos_l.iff,goalie_gear,0B,0x1AE33800,20681,2,512x512,DXT4_5
0xF5F32E69,catcher_g16_logos_r.iff,goalie_gear,0B,0x1BA00000,36227,2,512x512,DXT4_5
0xF7068B93,,uniform_component?,0A,0x67071800,892054,2,2048x512,4444
0xF782D328,blocker_g17_logos_r.iff,goalie_gear,0B,0x1AEEA800,22704,2,512x512,DXT4_5
0xF7B5DE0F,catcher_g17_logos_l.iff,goalie_gear,0B,0x1BAA6800,35002,2,512x512,DXT4_5
0xF7C0B82C,,uniform_component?,0B,0x2FF7000,586352,2,2048x512,4444
0xF9594C92,,uniform_component?,0B,0x5868000,664530,2,2048x512,4444
0xF9AF1B9D,,uniform_component?,0A,0x65A61800,850669,2,2048x512,4444
0xF9F54624,,uniform_component?,0B,0x4D73800,753504,2,2048x512,4444
0xFAFA618B,pad_g17_logos.iff,goalie_gear,0B,0x1A16E000,24278,2,128x128,DXT4_5
0xFBA445FA,,uniform_component?,0A,0x6969C800,654884,2,2048x512,4444
0xFC27DE47,,uniform_component?,0B,0x1179000,702661,2,2048x512,4444
0xFCC1B122,,uniform_component?,0B,0x3FC9800,950442,2,2048x512,4444
0xFD73EE55,,uniform_component?,0A,0x68C09000,742131,2,2048x512,4444
0xFF07D7F6,,uniform_component?,0A,0x6973C800,724226,2,2048x512,4444
0x02B3BB40,,banner/scoreboard?,0A,0x35DA1000,426341,1,1024x4096,DXT1
0x02B74CA8,,banner/scoreboard?,0A,0x358FA000,366331,1,1024x4096,DXT1
0x0469B1E7,,flag/decal/portrait?,0B,0x18B5A000,40700,1,512x512,DXT4_5
0x050A35D7,,flag/decal/portrait?,0B,0x18D74800,59475,1,512x512,DXT4_5
0x0611D1D3,logo_eca.iff,logo,0B,0x18DDF800,65888,1,512x512,DXT4_5
0x08097DC0,,flag/decal/portrait?,0B,0x18D1E000,61155,1,512x512,DXT4_5
0x08D27E04,,banner/scoreboard?,0A,0x37DAF000,242273,1,1024x512,DXT1
0x0B6A058E,,flag/decal/portrait?,0B,0x18E2E000,86358,1,512x512,DXT4_5
0x0CD6AD16,logo_kaz.iff,logo,0B,0x18E61000,79043,1,512x512,DXT4_5
0x10037A27,,unknown_texture,0A,0x35EE9800,12779,1,512x512,DXT1
0x10C535B4,,flag/decal/portrait?,0B,0x18BD9000,42071,1,512x512,DXT4_5
0x11DB865F,,flag/decal/portrait?,0B,0x18EC0800,49946,1,512x512,DXT4_5
0x11FD4B4C,,flag/decal/portrait?,0B,0x19053000,41605,1,512x512,DXT4_5
0x12712194,,flag/decal/portrait?,0B,0x18D6B800,35826,1,512x512,DXT4_5
0x1276AF60,,flag/decal/portrait?,0B,0x1908A000,65660,1,512x512,DXT4_5
0x12D57BB0,,flag/decal/portrait?,0B,0x18B64000,51088,1,512x512,DXT4_5
0x14327FF9,logo_fin.iff,logo,0B,0x18E0F000,66261,1,512x512,DXT4_5
0x1684F1A9,,flag/decal/portrait?,0B,0x18C75000,78843,1,512x512,DXT4_5
0x16ADBC6D,,unknown_texture,0B,0x377D0000,30060,1,128x128,8
0x1A8E5CC8,,flag/decal/portrait?,0B,0x18B8A000,47084,1,512x512,DXT4_5
0x1ACD4833,,flag/decal/portrait?,0B,0x18DA9000,37997,1,512x512,DXT4_5
0x1BA379F9,,unknown_texture,0B,0x377D7800,29376,1,128x128,8
0x1E1472BB,,flag/decal/portrait?,0B,0x19135000,53311,1,512x512,DXT4_5
0x1F726983,,flag/decal/portrait?,0B,0x18D12000,49054,1,512x512,DXT4_5
0x1FE790B5,,unknown_texture,0B,0x377C1000,29868,1,128x128,8
0x20159C65,,banner/scoreboard?,0A,0x36C90800,389916,1,1024x4096,DXT1
0x22157797,,unknown_texture,0B,0x377C8800,29542,1,128x128,8
0x23A94193,,banner/scoreboard?,0A,0x36807800,266169,1,1024x4096,DXT1
0x23D117D9,,banner/scoreboard?,0A,0x366B7800,264135,1,1024x4096,DXT1
0x257793A4,,flag/decal/portrait?,0B,0x1909A800,93744,1,512x512,DXT4_5
0x26A4C030,,flag/decal/portrait?,0B,0x18ADF000,34276,1,512x512,DXT4_5
0x271CECA2,logo_2k.iff,logo,0B,0x18ABF800,36496,1,512x512,DXT4_5
0x2885E0F4,,flag/decal/portrait?,0B,0x18C06800,67581,1,512x512,DXT4_5
0x2901983A,,unknown_texture,0B,0x37074000,216816,1,256x256,DXT5A
0x2DAEC5A4,,banner/scoreboard?,0A,0x37798000,242273,1,1024x512,DXT1
0x2F09CD6C,,flag/decal/portrait?,0B,0x18C94000,51387,1,512x512,DXT4_5
0x2FFBDB0D,,unknown_texture,0A,0x37EEF800,31223,1,128x128,8
0x30DD8ACA,,flag/decal/portrait?,0B,0x18B95800,49150,1,512x512,DXT4_5
0x31C6E728,helmet_g04_pattern_00.iff,goalie_mask,0B,0x193C7800,516,1,64x64,565
0x35B257B4,,banner/scoreboard?,0A,0x37D73800,242273,1,1024x512,DXT1
0x3872D92F,,flag/decal/portrait?,0B,0x18C88800,47024,1,512x512,DXT4_5
0x38EFD0AA,,banner/scoreboard?,0A,0x3757E000,242273,1,1024x512,DXT1
0x3DF92157,,flag/decal/portrait?,0B,0x18FFF000,56355,1,512x512,DXT4_5
0x3E6E3FBF,,unknown_texture,0B,0x37857000,198819,1,256x256,DXT5A
0x3FB36B21,,flag/decal/portrait?,0B,0x18AC8800,36496,1,512x512,DXT4_5
0x4166EEF3,,unknown_texture,0B,0x377B9800,29880,1,128x128,8
0x47E6A679,,banner/scoreboard?,0A,0x379C8000,242273,1,1024x512,DXT1
0x480FAE44,roster.iff,unknown_texture,0A,0x3AFE000,809726,1,3244x36,DXT3A1111
0x494490BB,,flag/decal/portrait?,0B,0x18DC0800,61340,1,512x512,DXT4_5
0x4B68A0A5,,flag/decal/portrait?,0B,0x18C41000,57381,1,512x512,DXT4_5
0x4B9F3A3E,helmet_g01_pattern_00.iff,goalie_mask,0B,0x19142800,516,1,64x64,565
0x4C797493,logo_slo.iff,logo,0B,0x19038800,64101,1,512x512,DXT4_5
0x4D57C77C,,flag/decal/portrait?,0B,0x18FF1000,56729,1,512x512,DXT4_5
0x4EB3D677,loading_audio.iff,unknown_texture,0A,0x100F000,1900,1,?,?
0x4F9D7098,,flag/decal/portrait?,0B,0x18D2D000,58411,1,512x512,DXT4_5
0x504660E0,,banner/scoreboard?,0A,0x35953800,362096,1,1024x4096,DXT1
0x576E96C4,,banner/scoreboard?,0A,0x3780F000,242273,1,1024x512,DXT1
0x57B7D0A8,,flag/decal/portrait?,0B,0x18D9D800,46316,1,512x512,DXT4_5
0x58E664DB,,flag/decal/portrait?,0B,0x18D3B800,57449,1,512x512,DXT4_5
0x5BE377B7,,flag/decal/portrait?,0B,0x1902A800,55997,1,512x512,DXT4_5
0x5C13B4E6,,flag/decal/portrait?,0B,0x18C4F800,51512,1,512x512,DXT4_5
0x5F5DB76C,,banner/scoreboard?,0A,0x366F8000,264135,1,1024x4096,DXT1
0x6045F598,,flag/decal/portrait?,0B,0x18C27000,68411,1,512x512,DXT4_5
0x6097CEB5,logo_ger.iff,logo,0B,0x18E54000,52058,1,512x512,DXT4_5
0x60F36C53,,flag/decal/portrait?,0B,0x18F7E800,39500,1,512x512,DXT4_5
0x616B581E,,flag/decal/portrait?,0B,0x18D4A000,62407,1,512x512,DXT4_5
0x62194F86,logo_usa.iff,logo,0B,0x190D2000,78404,1,512x512,DXT4_5
0x62578ECC,helmet_g02_pattern_00.iff,goalie_mask,0B,0x19358800,516,1,64x64,565
0x645ED337,,unknown_texture,0A,0x3717E800,32441,1,128x128,8
0x65859BB1,,unknown_texture,0A,0x37143800,240109,1,256x256,DXT5A
0x659E8823,,flag/decal/portrait?,0B,0x18C5C800,65807,1,512x512,DXT4_5
0x6622AC71,paintro.iff,unknown_texture,0B,0x36C8E000,2284,1,?,?
0x664EAD49,,banner/scoreboard?,0A,0x37BEA000,242273,1,1024x512,DXT1
0x676BD06F,,flag/decal/portrait?,0B,0x18DFE800,65839,1,512x512,DXT4_5
0x6A0EBF74,,banner/scoreboard?,0A,0x377D3800,242273,1,1024x512,DXT1
0x6BC756F7,logo_rus.iff,logo,0B,0x1900D000,66323,1,512x512,DXT4_5
0x6C09F85B,,flag/decal/portrait?,0B,0x18AE7800,65203,1,512x512,DXT4_5
0x6D0F1131,,unknown_texture,0B,0x37588000,199755,1,1280x720,DXT1
0x6D470FB4,,banner/scoreboard?,0A,0x36CF0000,394152,1,1024x4096,DXT1
0x6FD89E6A,logo_swe.iff,logo,0B,0x1906B800,60937,1,512x512,DXT4_5
0x72751F5B,,unknown_texture,0A,0x37EE7000,33683,1,128x128,8
0x72E59C60,,flag/decal/portrait?,0B,0x18C6D000,31660,1,512x512,DXT4_5
0x76104C5D,,flag/decal/portrait?,0B,0x18D59800,73195,1,512x512,DXT4_5
0x76412DF9,logo_lat.iff,logo,0B,0x18EA4000,63375,1,512x512,DXT4_5
0x7B9978C2,,flag/decal/portrait?,0B,0x18F3C800,52463,1,512x512,DXT4_5
0x7ED66973,,banner/scoreboard?,0A,0x35848000,366331,1,1024x4096,DXT1
0x838ABD33,,flag/decal/portrait?,0B,0x190BA800,35121,1,512x512,DXT4_5
0x86C0EDF8,portrait.iff,unknown_texture,0A,0x100F800,65162,1,?,?
0x89150E9C,logos_large.iff,logo,0A,0x100D800,5416,1,?,?
0x89155C24,,flag/decal/portrait?,0B,0x18E86000,73829,1,512x512,DXT4_5
0x8C0070EE,,flag/decal/portrait?,0B,0x18FCA000,59127,1,512x512,DXT4_5
0x8DC61D5C,,unknown_texture,0B,0x3FE41800,3774487,1,256x256,DXT4_5
0x8FD10CB4,logo_aut.iff,logo,0B,0x18B14000,69081,1,512x512,DXT4_5
0x8FDB8524,,flag/decal/portrait?,0B,0x190F5800,79563,1,512x512,DXT4_5
0x9026DBA4,,unknown_texture,0A,0x37E1F000,31307,1,128x128,8
0x9337B589,iconnav_movie1.iff,unknown_texture,0A,0x3C8B000,1330,1,?,?
0x95C5B252,,flag/decal/portrait?,0B,0x18BCB800,54955,1,512x512,DXT4_5
0x9641B15B,logo_nhl.iff,logo,0B,0x18EE5800,78948,1,512x512,DXT4_5
0x9931B91F,,banner/scoreboard?,0A,0x37C5A800,242273,1,1024x512,DXT1
0x9C228292,logos_small.iff,logo,0A,0x100A800,5416,1,?,?
0x9CA13F0B,logos_medium.iff,logo,0A,0x100C000,5418,1,?,?
0x9D27F75E,,flag/decal/portrait?,0B,0x18CD1000,50044,1,512x512,DXT4_5
0x9F9C288F,,unknown_texture,0B,0x37246800,216653,1,256x256,DXT5A
0x9FAE76B9,helmet_g05_pattern_00.iff,goalie_mask,0B,0x195DD000,516,1,64x64,565
0x9FB8ADDE,,banner/scoreboard?,0A,0x359AC000,366331,1,1024x4096,DXT1
0xA209FD29,,flag/decal/portrait?,0B,0x18F98000,67179,1,512x512,DXT4_5
0xA300D85F,,unknown_texture,0B,0x3FAD9800,2575440,1,256x256,DXT4_5
0xA38365C6,,unknown_texture,0B,0x3FD4E800,993862,1,128x128,DXT4_5
0xA4AACB9B,,flag/decal/portrait?,0B,0x18CBA000,52719,1,512x512,DXT4_5
0xA6931DB3,droster.iff,unknown_texture,0A,0x3BC4000,809726,1,3244x36,DXT3A1111
0xAA59D233,logo_can.iff,logo,0B,0x18B70800,57818,1,512x512,DXT4_5
0xAADC2222,logo_ukr.iff,logo,0B,0x190C3800,59166,1,512x512,DXT4_5
0xB267FA08,,unknown_texture,0A,0x1007000,13648,1,?,?
0xB3D1DFD8,,flag/decal/portrait?,0B,0x18CC7000,40817,1,512x512,DXT4_5
0xB4096B9E,pasfx.iff,unknown_texture,0B,0x36948000,740,1,?,?
0xB498117A,logo_cze.iff,logo,0B,0x18D83800,61995,1,512x512,DXT4_5
0xB666C24B,helmet_g06_pattern_00.iff,goalie_mask,0B,0x195EC000,516,1,64x64,565
0xB6B4E9C8,,flag/decal/portrait?,0B,0x3F476800,6695987,1,512x512,DXT4_5
0xB9610AAC,,unknown_texture,0B,0x40519000,68875579,1,256x256,DXT4_5
0xBBB0D00A,,banner/scoreboard?,0A,0x36BD2800,386267,1,1024x4096,DXT1
0xBC7DFE7F,,banner/scoreboard?,0A,0x357EF800,362096,1,1024x4096,DXT1
0xBCEB3F5E,,banner/scoreboard?,0A,0x35015000,437838,1,1024x4096,DXT1
0xBF3AB129,,unknown_texture,0B,0x36FED000,552584,1,1280x720,8888
0xC0B07BFB,,banner/scoreboard?,0A,0x34FAB000,433651,1,1024x4096,DXT1
0xC0CBA652,,flag/decal/portrait?,0B,0x18D06800,45708,1,512x512,DXT4_5
0xC4F3F2CC,,flag/decal/portrait?,0B,0x18E98800,45399,1,512x512,DXT4_5
0xC80EABAE,,flag/decal/portrait?,0B,0x18BF5800,69397,1,512x512,DXT4_5
0xC88F9972,,flag/decal/portrait?,0B,0x18F16800,37528,1,512x512,DXT4_5
0xCBAF88F5,,flag/decal/portrait?,0B,0x18F2E800,57198,1,512x512,DXT4_5
0xCBE32C8F,,banner/scoreboard?,0A,0x358A1800,362096,1,1024x4096,DXT1
0xCBF60C7F,,flag/decal/portrait?,0B,0x18F58800,62230,1,512x512,DXT4_5
0xCC3F1F5D,helmet_g03_pattern_00.iff,goalie_mask,0B,0x19390000,516,1,64x64,565
0xD0CB5E9A,,unknown_texture,0B,0x3D678800,422303,1,256x256,DXT4_5
0xD0DCA3B6,logo_dmk.iff,logo,0B,0x18DCF800,64293,1,512x512,DXT4_5
0xD2B2A7F8,,flag/decal/portrait?,0B,0x18B43800,41942,1,512x512,DXT4_5
0xD7B0B211,,flag/decal/portrait?,0B,0x18CF8000,57633,1,512x512,DXT4_5
0xD7C3E45A,,banner/scoreboard?,0A,0x36848800,266169,1,1024x4096,DXT1
0xDD84EDB3,,flag/decal/portrait?,0B,0x19109000,69298,1,512x512,DXT4_5
0xE563D0D3,,flag/decal/portrait?,0B,0x18F74800,39500,1,512x512,DXT4_5
0xE6615568,,unknown_texture,0A,0x35EED000,12779,1,512x512,DXT1
0xE6A107A2,,flag/decal/portrait?,0B,0x18BB0800,53852,1,512x512,DXT4_5
0xE72D3909,,banner/scoreboard?,0A,0x35D38800,426341,1,1024x4096,DXT1
0xE7673646,,flag/decal/portrait?,0B,0x18B06000,55325,1,512x512,DXT4_5
0xE7CB16FE,,flag/decal/portrait?,0B,0x18CAF800,41061,1,512x512,DXT4_5
0xE7E0D260,logo_sui.iff,logo,0B,0x1905D800,57289,1,512x512,DXT4_5
0xEA2887EE,,flag/decal/portrait?,0B,0x18FD8800,42801,1,512x512,DXT4_5
0xED7DA481,,flag/decal/portrait?,0B,0x18ED8800,52606,1,512x512,DXT4_5
0xED7FC8F1,logo_bel.iff,logo,0B,0x18B25000,71411,1,512x512,DXT4_5
0xEE3D8ED4,,flag/decal/portrait?,0B,0x18CED000,43569,1,512x512,DXT4_5
0xEF6AB9CE,iconnav.iff,unknown_texture,0A,0x3C8A000,2680,1,?,?
0xF048EEC2,,banner/scoreboard?,0A,0x36C31000,390501,1,1024x4096,DXT1
0xF0B002BD,,flag/decal/portrait?,0B,0x18CA1000,57522,1,512x512,DXT4_5
0xF35AE24E,iconnav_movie.iff,unknown_texture,0A,0x3C8B800,1740,1,?,?
0xF4E8E3D6,,banner/scoreboard?,0A,0x37922800,242273,1,1024x512,DXT1
0xF620D1C3,,flag/decal/portrait?,0B,0x18F07000,61530,1,512x512,DXT4_5
0xF6505C34,logo_wca.iff,logo,0B,0x1911A000,64799,1,512x512,DXT4_5
0xF9469A97,,flag/decal/portrait?,0B,0x18CDD800,62261,1,512x512,DXT4_5
0xFF1A0964,,flag/decal/portrait?,0B,0x18FB1800,39886,1,512x512,DXT4_5
0xFF731A70,logo_fra.iff,logo,0B,0x18E43800,67071,1,512x512,DXT4_5
0xFFC70EF3,,flag/decal/portrait?,0B,0x18C38000,35308,1,512x512,DXT4_5
